{"designerVersion":"1.4.34","id":"503dd367-48fa-4025-8601-29fb413b7831","name":"gBusqueda","type":"page","lastUpdate":1505749171470,"rows":[[{"type":"container","dimension":{"xs":12,"sm":12,"md":4,"lg":4},"propertyValues":{"cssClasses":{"type":"constant","value":""},"hidden":{"type":"constant","value":false},"repeatedCollection":{"type":"variable"}},"reference":"a18b1348-6d43-487a-95a5-a2f4d973cd7a","rows":[[{"type":"component","dimension":{"xs":12,"sm":12,"md":12,"lg":12},"propertyValues":{"cssClasses":{"type":"constant","value":""},"hidden":{"type":"constant","value":false},"text":{"type":"interpolation","value":"Priorización de casos"},"level":{"type":"constant","value":"Level 3"},"alignment":{"type":"constant","value":"left"}},"reference":"d11692f1-76ab-424c-b552-284b46c9684c","id":"pbTitle"}]]},{"type":"container","dimension":{"xs":12,"sm":12,"md":8,"lg":8},"propertyValues":{"cssClasses":{"type":"constant","value":""},"hidden":{"type":"constant","value":false},"repeatedCollection":{"type":"variable"}},"reference":"39023b39-4b04-497d-9a19-099e81a85845","rows":[[{"type":"component","dimension":{"xs":12,"sm":12,"md":4,"lg":4},"propertyValues":{"cssClasses":{"type":"constant","value":""},"hidden":{"type":"constant","value":false},"required":{"type":"constant","value":false},"minLength":{"type":"constant","value":""},"maxLength":{"type":"constant","value":""},"readOnly":{"type":"constant","value":false},"labelHidden":{"type":"constant","value":false},"label":{"type":"interpolation","value":"Id Caso"},"labelPosition":{"type":"constant","value":"left"},"labelWidth":{"type":"constant","value":4},"placeholder":{"type":"interpolation"},"value":{"type":"variable","value":"filtros.idCaso"},"type":{"type":"constant","value":"number"},"min":{"type":"constant"},"max":{"type":"constant"},"step":{"type":"constant","value":1}},"reference":"f43e4da1-04cb-4bf3-aec6-6c92685b18ff","id":"pbInput"},{"type":"component","dimension":{"xs":12,"sm":12,"md":4,"lg":4},"propertyValues":{"cssClasses":{"type":"constant","value":""},"hidden":{"type":"constant","value":false},"required":{"type":"constant","value":false},"minLength":{"type":"constant","value":""},"maxLength":{"type":"constant","value":""},"readOnly":{"type":"constant","value":false},"labelHidden":{"type":"constant","value":false},"label":{"type":"interpolation","value":"Nombre Cliente"},"labelPosition":{"type":"constant","value":"left"},"labelWidth":{"type":"constant","value":4},"placeholder":{"type":"interpolation"},"value":{"type":"variable","value":"filtros.cliente"},"type":{"type":"constant","value":"text"},"min":{"type":"constant"},"max":{"type":"constant"},"step":{"type":"constant","value":1}},"reference":"cba578ca-0ee5-463a-800b-c5a2d5bc26ae","id":"pbInput"},{"type":"component","dimension":{"xs":12,"sm":12,"md":4,"lg":4},"propertyValues":{"cssClasses":{"type":"constant","value":""},"hidden":{"type":"constant","value":false},"required":{"type":"constant","value":false},"minLength":{"type":"constant","value":""},"maxLength":{"type":"constant","value":""},"readOnly":{"type":"constant","value":false},"labelHidden":{"type":"constant","value":false},"label":{"type":"interpolation","value":"Cédula"},"labelPosition":{"type":"constant","value":"left"},"labelWidth":{"type":"constant","value":4},"placeholder":{"type":"interpolation"},"value":{"type":"variable","value":"filtros.cedula"},"type":{"type":"constant","value":"text"},"min":{"type":"constant"},"max":{"type":"constant"},"step":{"type":"constant","value":1}},"reference":"11ea16ce-d753-44a0-b4fc-e7db75496598","id":"pbInput"}],[{"type":"component","dimension":{"xs":12,"sm":12,"md":4,"lg":4},"propertyValues":{"cssClasses":{"type":"constant","value":""},"hidden":{"type":"constant","value":false},"required":{"type":"constant","value":false},"minLength":{"type":"constant","value":""},"maxLength":{"type":"constant","value":""},"readOnly":{"type":"constant","value":false},"labelHidden":{"type":"constant","value":false},"label":{"type":"interpolation","value":"Monto mayor que"},"labelPosition":{"type":"constant","value":"left"},"labelWidth":{"type":"constant","value":4},"placeholder":{"type":"interpolation"},"value":{"type":"variable","value":"filtros.montoMin"},"type":{"type":"constant","value":"number"},"min":{"type":"constant"},"max":{"type":"constant"},"step":{"type":"constant","value":1}},"reference":"f74c7c61-4a13-43ca-b30e-8e22dd708d0b","id":"pbInput"},{"type":"component","dimension":{"xs":12,"sm":12,"md":4,"lg":4},"propertyValues":{"cssClasses":{"type":"constant","value":""},"hidden":{"type":"constant","value":false},"required":{"type":"constant","value":false},"minLength":{"type":"constant","value":""},"maxLength":{"type":"constant","value":""},"readOnly":{"type":"constant","value":false},"labelHidden":{"type":"constant","value":false},"label":{"type":"interpolation","value":"Monto menor que"},"labelPosition":{"type":"constant","value":"left"},"labelWidth":{"type":"constant","value":4},"placeholder":{"type":"interpolation"},"value":{"type":"variable","value":"filtros.montoMax"},"type":{"type":"constant","value":"number"},"min":{"type":"constant"},"max":{"type":"constant"},"step":{"type":"constant","value":1}},"reference":"74115f10-837e-4c37-ba5e-94ad4eeb0644","id":"pbInput"},{"type":"component","dimension":{"xs":12,"sm":12,"md":4,"lg":4},"propertyValues":{"cssClasses":{"type":"constant","value":""},"hidden":{"type":"constant","value":false},"disabled":{"type":"constant","value":false},"label":{"type":"interpolation","value":"Buscar"},"alignment":{"type":"constant","value":"center"},"buttonStyle":{"type":"constant","value":"primary"},"action":{"type":"constant","value":"POST"},"url":{"type":"interpolation","value":"../API/extension/gestor/busqueda"},"dataToSend":{"type":"expression","value":"filtros"},"dataFromSuccess":{"type":"variable","value":"casos"},"dataFromError":{"type":"variable"},"targetUrlOnSuccess":{"type":"interpolation","value":""},"collectionToModify":{"type":"variable"},"collectionPosition":{"type":"constant","value":"Last"},"valueToAdd":{"type":"constant"},"removeItem":{"type":"variable"}},"reference":"60cf1a7d-8405-4d89-974a-2afd118452a7","id":"pbButton"}]]}],[{"type":"component","dimension":{"xs":12,"sm":12,"md":12,"lg":12},"propertyValues":{"cssClasses":{"type":"constant","value":""},"hidden":{"type":"constant","value":false},"headers":{"type":"constant","value":["IdCaso","IdProceso","TipoCliente","Producto","Nombre Convenio","Fuerza Venta","Monto","Prioritario"]},"type":{"type":"constant","value":"Variable"},"apiUrl":{"type":"constant","value":"../API/"},"params":{"type":"constant"},"content":{"type":"expression","value":"casos"},"columnsKey":{"type":"constant","value":["id_caso","id_proceso","TipoCliente","Producto","NombreConvenio","FuerzaVenta","Monto","statusPrioridad"]},"sortColumns":{"type":"constant"},"selectedRow":{"type":"variable","value":"casoSeleccionado"},"pageSize":{"type":"constant","value":25},"filter":{"type":"constant"}},"reference":"d8ae2cc5-5287-4d29-aee8-9621d09e5506","id":"pbDataTable"}],[{"type":"container","dimension":{"xs":12,"sm":12,"md":12,"lg":12},"propertyValues":{"cssClasses":{"type":"constant","value":""},"hidden":{"type":"expression","value":"!casoSeleccionado.id_caso"},"repeatedCollection":{"type":"variable"}},"reference":"f65e14ae-b97c-4893-b0ac-da0c40c30257","rows":[[{"type":"container","dimension":{"xs":12,"sm":12,"md":10,"lg":10},"propertyValues":{"cssClasses":{"type":"constant","value":""},"hidden":{"type":"constant","value":false},"repeatedCollection":{"type":"variable"}},"reference":"9ae143a4-000d-48f4-8774-f0577955b1a3","rows":[[{"type":"component","dimension":{"xs":12,"sm":12,"md":6,"lg":6},"propertyValues":{"cssClasses":{"type":"constant","value":""},"hidden":{"type":"constant","value":false},"required":{"type":"constant","value":false},"minLength":{"type":"constant","value":""},"maxLength":{"type":"constant","value":""},"readOnly":{"type":"constant","value":true},"labelHidden":{"type":"constant","value":false},"label":{"type":"interpolation","value":"Id Caso"},"labelPosition":{"type":"constant","value":"top"},"labelWidth":{"type":"constant","value":4},"placeholder":{"type":"interpolation"},"value":{"type":"variable","value":"casoSeleccionado.id_caso"},"type":{"type":"constant","value":"text"},"min":{"type":"constant"},"max":{"type":"constant"},"step":{"type":"constant","value":1}},"reference":"098b1523-ee7d-4a1d-9ff9-ca01ec60ac57","id":"pbInput"},{"type":"component","dimension":{"xs":12,"sm":12,"md":6,"lg":6},"propertyValues":{"cssClasses":{"type":"constant","value":""},"hidden":{"type":"constant","value":false},"required":{"type":"constant","value":false},"minLength":{"type":"constant","value":""},"maxLength":{"type":"constant","value":""},"readOnly":{"type":"constant","value":true},"labelHidden":{"type":"constant","value":false},"label":{"type":"interpolation","value":"Monto"},"labelPosition":{"type":"constant","value":"top"},"labelWidth":{"type":"constant","value":4},"placeholder":{"type":"interpolation"},"value":{"type":"variable","value":"casoSeleccionado.Monto"},"type":{"type":"constant","value":"text"},"min":{"type":"constant"},"max":{"type":"constant"},"step":{"type":"constant","value":1}},"reference":"269e53e6-11e9-4059-9fe9-6de8d45d9a74","id":"pbInput"}]]},{"type":"container","dimension":{"xs":12,"sm":12,"md":2,"lg":2},"propertyValues":{"cssClasses":{"type":"constant","value":""},"hidden":{"type":"constant","value":false},"repeatedCollection":{"type":"variable"}},"reference":"3abaaa09-d5ce-433d-804a-eeacc8bd3ec4","rows":[[{"type":"component","dimension":{"xs":12,"sm":12,"md":12,"lg":12},"propertyValues":{"cssClasses":{"type":"constant","value":""},"hidden":{"type":"expression","value":"casoSeleccionado.statusPrioridad ===\"prioritario\""},"disabled":{"type":"expression","value":"casoSeleccionado.statusPrioridad ===\"prioritario\""},"label":{"type":"interpolation","value":"Hacer prioritario"},"alignment":{"type":"constant","value":"left"},"buttonStyle":{"type":"constant","value":"success"},"action":{"type":"constant","value":"POST"},"url":{"type":"interpolation","value":"../API/bpm/process/{{procesoCambiarEstado[0].id}}/instantiation"},"dataToSend":{"type":"expression","value":"exp_prioridad.setPrioridad"},"dataFromSuccess":{"type":"variable","value":"temp.prioritarioUpdated"},"dataFromError":{"type":"variable","value":"temp.errorInstanciacion"},"targetUrlOnSuccess":{"type":"interpolation"},"collectionToModify":{"type":"variable"},"collectionPosition":{"type":"constant","value":"Last"},"valueToAdd":{"type":"constant"},"removeItem":{"type":"variable"}},"reference":"9544d486-292f-41ed-a61c-b583c976cc53","id":"pbButton"}],[{"type":"component","dimension":{"xs":12,"sm":12,"md":12,"lg":12},"propertyValues":{"cssClasses":{"type":"constant","value":""},"hidden":{"type":"expression","value":"casoSeleccionado.statusPrioridad ===\"\""},"disabled":{"type":"expression","value":"casoSeleccionado.statusPrioridad ===\"\""},"label":{"type":"interpolation","value":"Quitar Prioridad"},"alignment":{"type":"constant","value":"left"},"buttonStyle":{"type":"constant","value":"warning"},"action":{"type":"constant","value":"POST"},"url":{"type":"interpolation","value":"../API/bpm/process/{{procesoCambiarEstado[0].id}}/instantiation"},"dataToSend":{"type":"expression","value":"exp_prioridad.unsetPrioridad"},"dataFromSuccess":{"type":"variable","value":"temp.prioritarioRemoved"},"dataFromError":{"type":"variable","value":"temp.errorInstanciacion"},"targetUrlOnSuccess":{"type":"interpolation"},"collectionToModify":{"type":"variable"},"collectionPosition":{"type":"constant","value":"Last"},"valueToAdd":{"type":"constant"},"removeItem":{"type":"variable"}},"reference":"e04be2cd-aa57-4f35-a1a3-815906f059a9","id":"pbButton"}]]}]]}],[{"type":"container","dimension":{"xs":12,"sm":12,"md":12,"lg":12},"propertyValues":{"cssClasses":{"type":"constant","value":""},"hidden":{"type":"expression","value":"!temp.error"},"repeatedCollection":{"type":"variable"}},"reference":"5ac4ec06-2161-45fc-b937-a9e25585577c","rows":[[{"type":"component","dimension":{"xs":12,"sm":12,"md":12,"lg":12},"propertyValues":{"cssClasses":{"type":"constant","value":"alert alert-warning"},"hidden":{"type":"expression","value":""},"text":{"type":"interpolation","value":"<pre>{{temp.error}}</pre>"},"alignment":{"type":"constant","value":"left"}},"reference":"71d05eda-df39-4468-bd1f-bff21b95bb6a","id":"pbText"}]]}]],"assets":[{"id":"9cd4985c-08a8-4691-ad49-f53d0d546b1c","name":"localization.json","type":"json","order":0,"external":false}],"inactiveAssets":[],"data":{"filtros":{"type":"json","value":"{}","exposed":false},"casos":{"type":"json","value":"{}","exposed":false},"exp_OnlyOne":{"type":"expression","value":"\n/*\nif($data.casos &&  $data.casos.length === 1){\n        $data.casoSeleccionado = $data.casos[0];\n}\n*/\nif($data.temp.prioritarioUpdated){\n    $data.temp.prioritarioUpdated= undefined;\n    $data.casoSeleccionado.statusPrioridad = \"prioritario\";    \n    $data.casoSeleccionado = undefined;    \n}\nif($data.temp.prioritarioRemoved){\n    $data.temp.prioritarioRemoved= undefined;\n    $data.casoSeleccionado.statusPrioridad = \"\";    \n    $data.casoSeleccionado = undefined;    \n}\n\nif($data.temp.errorInstanciacion){\n    $data.temp.error = \"Ha ocurrido un problema al intentar cambiar el estado, por favor, notifique al administrador\"\n    $data.temp.errorInstanciacion = undefined;\n}\n","exposed":false},"casoSeleccionado":{"type":"json","value":"{}","exposed":false},"exp_prioridad":{"type":"expression","value":"var prioridad = {};\nif($data.casoSeleccionado){\n    prioridad.setPrioridad = angular.copy($data.casoSeleccionado);\n    prioridad.unsetPrioridad = angular.copy($data.casoSeleccionado);\n    prioridad.setPrioridad.statusPrioridad = \"prioritario\";\n    prioridad.unsetPrioridad.statusPrioridad = \"\";\n    return prioridad;\n}","exposed":false},"procesoCambiarEstado":{"type":"url","value":"../API/bpm/process?c=1&p=0&f=name=Cambiar_estado_prioridad_casos&o=deploymentDate DESC&f=activationState=ENABLED","exposed":false},"temp":{"type":"json","value":"{}","exposed":false}}}