{
  "designerVersion" : "1.7.25",
  "previousDesignerVersion" : "1.4.34",
  "id" : "b7d33b85-b6cb-4c4a-b703-ca5cdf605773",
  "name" : "AsignadorDeTareasv93",
  "lastUpdate" : 1532826182740,
  "rows" : [ [ {
    "type" : "component",
    "dimension" : {
      "xs" : 12,
      "sm" : 12,
      "md" : 12,
      "lg" : 12
    },
    "propertyValues" : {
      "cssClasses" : {
        "type" : "constant",
        "value" : ""
      },
      "hidden" : {
        "type" : "constant",
        "value" : false
      },
      "options" : {
        "type" : "constant",
        "value" : "{\"time-out\": 3000}"
      },
      "toasters" : {
        "type" : "variable",
        "value" : "temp.toaster"
      }
    },
    "reference" : "72a241db-aa75-4cc3-a62b-998f62b6ce50",
    "id" : "customMessageToaster"
  } ], [ {
    "type" : "component",
    "dimension" : {
      "xs" : 12,
      "sm" : 12,
      "md" : 12,
      "lg" : 12
    },
    "propertyValues" : {
      "cssClasses" : {
        "type" : "constant",
        "value" : ""
      },
      "hidden" : {
        "type" : "constant",
        "value" : true
      },
      "value" : {
        "type" : "variable",
        "value" : "usuariosSeleccionados"
      },
      "availableValues" : {
        "type" : "expression",
        "value" : "usuariosListado"
      },
      "buttonLabel" : {
        "type" : "constant",
        "value" : "name"
      },
      "itemLabel" : {
        "type" : "constant",
        "value" : "name"
      },
      "outputProperties" : {
        "type" : "constant",
        "value" : "name id"
      },
      "labelHidden" : {
        "type" : "constant",
        "value" : false
      },
      "required" : {
        "type" : "constant",
        "value" : false
      },
      "labelPosition" : {
        "type" : "constant",
        "value" : "top"
      },
      "label" : {
        "type" : "constant",
        "value" : "Usuarios"
      },
      "labelWidth" : {
        "type" : "constant",
        "value" : 4
      }
    },
    "reference" : "97c7d63b-d56c-4f3e-96ae-2fac4180fcc9",
    "id" : "customMultiSelection"
  } ], [ {
    "type" : "component",
    "dimension" : {
      "xs" : 12,
      "sm" : 12,
      "md" : 12,
      "lg" : 12
    },
    "propertyValues" : {
      "cssClasses" : {
        "type" : "constant",
        "value" : ""
      },
      "hidden" : {
        "type" : "constant",
        "value" : false
      },
      "text" : {
        "type" : "interpolation",
        "value" : "Gestor de reglas"
      },
      "level" : {
        "type" : "constant",
        "value" : "Level 2"
      },
      "alignment" : {
        "type" : "constant",
        "value" : "left"
      }
    },
    "reference" : "7b3fdec1-89a3-4162-b0f0-6394aa5e264d",
    "id" : "pbTitle"
  } ], [ {
    "type" : "container",
    "dimension" : {
      "xs" : 12,
      "sm" : 12,
      "md" : 12,
      "lg" : 12
    },
    "propertyValues" : {
      "cssClasses" : {
        "type" : "constant",
        "value" : "alert seccion"
      },
      "hidden" : {
        "type" : "constant",
        "value" : false
      },
      "repeatedCollection" : {
        "type" : "variable",
        "value" : ""
      }
    },
    "reference" : "8131012e-3c46-4866-b4fa-16b3eb1b9270",
    "id" : "pbContainer",
    "rows" : [ [ {
      "type" : "component",
      "dimension" : {
        "xs" : 12,
        "sm" : 3,
        "md" : 3,
        "lg" : 3
      },
      "propertyValues" : {
        "cssClasses" : {
          "type" : "constant",
          "value" : ""
        },
        "hidden" : {
          "type" : "constant",
          "value" : false
        },
        "disabled" : {
          "type" : "constant",
          "value" : false
        },
        "required" : {
          "type" : "constant",
          "value" : false
        },
        "labelHidden" : {
          "type" : "constant",
          "value" : false
        },
        "label" : {
          "type" : "interpolation",
          "value" : "Categoría"
        },
        "labelPosition" : {
          "type" : "constant",
          "value" : "top"
        },
        "labelWidth" : {
          "type" : "constant",
          "value" : 4
        },
        "placeholder" : {
          "type" : "interpolation",
          "value" : "Seleccione categoría de proceso"
        },
        "availableValues" : {
          "type" : "expression",
          "value" : "categorias"
        },
        "displayedKey" : {
          "type" : "constant",
          "value" : "name"
        },
        "returnedKey" : {
          "type" : "constant",
          "value" : ""
        },
        "value" : {
          "type" : "variable",
          "value" : "temp.categoriaSelected"
        }
      },
      "reference" : "a2e0817c-d426-4a86-912e-25d15ed055f5",
      "id" : "pbSelect"
    }, {
      "type" : "component",
      "dimension" : {
        "xs" : 12,
        "sm" : 12,
        "md" : 5,
        "lg" : 5
      },
      "propertyValues" : {
        "cssClasses" : {
          "type" : "constant",
          "value" : ""
        },
        "hidden" : {
          "type" : "expression",
          "value" : "!temp.categoriaSelected"
        },
        "readOnly" : {
          "type" : "constant",
          "value" : false
        },
        "required" : {
          "type" : "constant",
          "value" : true
        },
        "labelHidden" : {
          "type" : "constant",
          "value" : false
        },
        "label" : {
          "type" : "interpolation",
          "value" : "Usuario"
        },
        "labelPosition" : {
          "type" : "constant",
          "value" : "top"
        },
        "labelWidth" : {
          "type" : "constant",
          "value" : 4
        },
        "placeholder" : {
          "type" : "interpolation"
        },
        "availableValues" : {
          "type" : "expression",
          "value" : "usuariosEnCategoria"
        },
        "displayedKey" : {
          "type" : "constant",
          "value" : "name"
        },
        "value" : {
          "type" : "variable",
          "value" : "formInput.userFilter"
        }
      },
      "reference" : "1bd0f43b-e079-486f-b2e6-a01b45d3a8b6",
      "id" : "pbAutocomplete"
    }, {
      "type" : "container",
      "dimension" : {
        "xs" : 12,
        "sm" : 12,
        "md" : 4,
        "lg" : 4
      },
      "propertyValues" : {
        "cssClasses" : {
          "type" : "constant",
          "value" : "alert"
        },
        "hidden" : {
          "type" : "expression",
          "value" : "!temp.categoriaSelected"
        },
        "repeatedCollection" : {
          "type" : "variable"
        }
      },
      "reference" : "e70a135a-fa10-431a-a52a-e47e8890a56c",
      "id" : "pbContainer",
      "rows" : [ [ {
        "type" : "component",
        "dimension" : {
          "xs" : 12,
          "sm" : 12,
          "md" : 6,
          "lg" : 6
        },
        "propertyValues" : {
          "cssClasses" : {
            "type" : "constant",
            "value" : "alert bt-primario font"
          },
          "hidden" : {
            "type" : "constant",
            "value" : false
          },
          "disabled" : {
            "type" : "constant",
            "value" : false
          },
          "label" : {
            "type" : "interpolation",
            "value" : "Guardar reglas en plantilla"
          },
          "alignment" : {
            "type" : "constant",
            "value" : "right"
          },
          "buttonStyle" : {
            "type" : "constant",
            "value" : "default"
          },
          "action" : {
            "type" : "constant",
            "value" : "Add to collection"
          },
          "url" : {
            "type" : "interpolation"
          },
          "dataToSend" : {
            "type" : "constant"
          },
          "dataFromSuccess" : {
            "type" : "variable"
          },
          "dataFromError" : {
            "type" : "variable"
          },
          "targetUrlOnSuccess" : {
            "type" : "interpolation"
          },
          "collectionToModify" : {
            "type" : "variable",
            "value" : "temp.modal"
          },
          "collectionPosition" : {
            "type" : "constant",
            "value" : "Last"
          },
          "valueToAdd" : {
            "type" : "constant",
            "value" : "2"
          },
          "removeItem" : {
            "type" : "variable"
          }
        },
        "reference" : "21594736-44c4-47e6-a372-e3878aaa34ea",
        "id" : "pbButton"
      }, {
        "type" : "component",
        "dimension" : {
          "xs" : 12,
          "sm" : 12,
          "md" : 6,
          "lg" : 6
        },
        "propertyValues" : {
          "cssClasses" : {
            "type" : "constant",
            "value" : "alert bt-secundario font"
          },
          "hidden" : {
            "type" : "constant",
            "value" : false
          },
          "disabled" : {
            "type" : "constant",
            "value" : false
          },
          "label" : {
            "type" : "interpolation",
            "value" : "Restaurar plantilla"
          },
          "alignment" : {
            "type" : "constant",
            "value" : "right"
          },
          "buttonStyle" : {
            "type" : "constant",
            "value" : "danger"
          },
          "action" : {
            "type" : "constant",
            "value" : "GET"
          },
          "url" : {
            "type" : "interpolation",
            "value" : "{{url_servicios}}reglas/Plantilla/{{temp.categoriaSelected.name}}"
          },
          "dataToSend" : {
            "type" : "constant"
          },
          "dataFromSuccess" : {
            "type" : "variable",
            "value" : "temp.plantilla"
          },
          "dataFromError" : {
            "type" : "variable"
          },
          "targetUrlOnSuccess" : {
            "type" : "interpolation"
          },
          "collectionToModify" : {
            "type" : "variable",
            "value" : "temp.modal"
          },
          "collectionPosition" : {
            "type" : "constant",
            "value" : "Last"
          },
          "valueToAdd" : {
            "type" : "constant"
          },
          "removeItem" : {
            "type" : "variable"
          }
        },
        "reference" : "b45a2620-8739-41a2-9460-e1b03d9cfecf",
        "id" : "pbButton"
      } ] ]
    } ] ]
  } ], [ {
    "type" : "component",
    "dimension" : {
      "xs" : 12,
      "sm" : 12,
      "md" : 12,
      "lg" : 12
    },
    "propertyValues" : {
      "cssClasses" : {
        "type" : "constant",
        "value" : ""
      },
      "hidden" : {
        "type" : "constant",
        "value" : true
      },
      "allowHTML" : {
        "type" : "constant",
        "value" : true
      },
      "text" : {
        "type" : "interpolation",
        "value" : "<pre>usuariosSeleccionado:{{usuariosSeleccionados}}\n</pre>\n<pre>formInput : {{formInput}}</pre>\n<pre>reglasActuales{{reglasActuales | json}}</pre>\n<pre>temp {{temp}}</pre>\n<pre>regla{{regla}}</pre>"
      },
      "alignment" : {
        "type" : "constant",
        "value" : "left"
      }
    },
    "reference" : "fe2fcf7b-d8fc-403e-ae53-ff6ef085d65f",
    "id" : "pbText"
  } ], [ {
    "type" : "container",
    "dimension" : {
      "xs" : 12,
      "sm" : 12,
      "md" : 12,
      "lg" : 12
    },
    "propertyValues" : {
      "cssClasses" : {
        "type" : "constant",
        "value" : ""
      },
      "hidden" : {
        "type" : "expression",
        "value" : "!usuariosSeleccionados"
      },
      "repeatedCollection" : {
        "type" : "variable",
        "value" : "reglasActuales"
      }
    },
    "reference" : "73d63508-72db-4741-a3f4-35c6d6696739",
    "id" : "pbContainer",
    "rows" : [ [ {
      "type" : "component",
      "dimension" : {
        "xs" : 12,
        "sm" : 12,
        "md" : 12,
        "lg" : 12
      },
      "propertyValues" : {
        "cssClasses" : {
          "type" : "constant",
          "value" : ""
        },
        "hidden" : {
          "type" : "constant",
          "value" : false
        },
        "text" : {
          "type" : "interpolation",
          "value" : "Reglas aplicadas para {{$item.userName}}"
        },
        "level" : {
          "type" : "constant",
          "value" : "Level 3"
        },
        "alignment" : {
          "type" : "constant",
          "value" : "left"
        }
      },
      "reference" : "04df10af-93b3-49b7-908e-83f8644aebbb",
      "id" : "pbTitle"
    } ], [ {
      "type" : "container",
      "dimension" : {
        "xs" : 12,
        "sm" : 12,
        "md" : 12,
        "lg" : 12
      },
      "propertyValues" : {
        "cssClasses" : {
          "type" : "constant",
          "value" : ""
        },
        "hidden" : {
          "type" : "constant",
          "value" : false
        },
        "repeatedCollection" : {
          "type" : "variable",
          "value" : ""
        }
      },
      "reference" : "3383710d-29e9-41ee-a4f4-90eb6f2a901e",
      "id" : "pbContainer",
      "rows" : [ [ {
        "type" : "formContainer",
        "dimension" : {
          "xs" : 12,
          "sm" : 12,
          "md" : 12,
          "lg" : 12
        },
        "propertyValues" : {
          "cssClasses" : {
            "type" : "constant",
            "value" : ""
          },
          "hidden" : {
            "type" : "constant",
            "value" : false
          }
        },
        "reference" : "78c26160-ade8-4f66-bbad-787c12912f87",
        "id" : "pbFormContainer",
        "container" : {
          "type" : "container",
          "dimension" : {
            "xs" : 12
          },
          "propertyValues" : { },
          "reference" : "9942dba2-85f8-4c2f-9ed4-1bdbdc62c413",
          "id" : "pbContainer",
          "rows" : [ [ {
            "type" : "container",
            "dimension" : {
              "xs" : 12,
              "sm" : 12,
              "md" : 12,
              "lg" : 12
            },
            "propertyValues" : {
              "cssClasses" : {
                "type" : "constant",
                "value" : ""
              },
              "hidden" : {
                "type" : "constant",
                "value" : false
              },
              "repeatedCollection" : {
                "type" : "variable"
              }
            },
            "reference" : "52de61f7-415e-4bb0-80aa-33ecaeda9ff8",
            "id" : "pbContainer",
            "rows" : [ [ {
              "type" : "component",
              "dimension" : {
                "xs" : 12,
                "sm" : 12,
                "md" : 12,
                "lg" : 12
              },
              "propertyValues" : {
                "cssClasses" : {
                  "type" : "constant",
                  "value" : "encabezado"
                },
                "hidden" : {
                  "type" : "constant",
                  "value" : false
                },
                "text" : {
                  "type" : "interpolation",
                  "value" : "Restricciones"
                },
                "level" : {
                  "type" : "constant",
                  "value" : "Level 3"
                },
                "alignment" : {
                  "type" : "constant",
                  "value" : "left"
                }
              },
              "reference" : "4e5933f7-e1f6-4205-b50b-c6bbd45ee7fe",
              "id" : "pbTitle"
            } ], [ {
              "type" : "container",
              "dimension" : {
                "xs" : 12,
                "sm" : 12,
                "md" : 12,
                "lg" : 12
              },
              "propertyValues" : {
                "cssClasses" : {
                  "type" : "constant",
                  "value" : ""
                },
                "hidden" : {
                  "type" : "expression",
                  "value" : "temp.display"
                },
                "repeatedCollection" : {
                  "type" : "variable",
                  "value" : "$item.restricciones"
                }
              },
              "reference" : "a12098da-f0b4-4110-bf43-edf2f51d80d1",
              "id" : "pbContainer",
              "rows" : [ [ {
                "type" : "fragment",
                "dimension" : {
                  "xs" : 12,
                  "sm" : 12,
                  "md" : 10,
                  "lg" : 10
                },
                "propertyValues" : {
                  "cssClasses" : {
                    "type" : "constant",
                    "value" : ""
                  },
                  "hidden" : {
                    "type" : "constant",
                    "value" : false
                  }
                },
                "reference" : "65a0c1e2-2eb7-4a85-ad00-f405d6b5e798",
                "id" : "68effc3b-26b6-4380-90dd-586749ba00ae",
                "binding" : {
                  "parametria" : "ws_parametria[0]",
                  "restriccion" : "$item",
                  "item" : "$item"
                }
              }, {
                "type" : "component",
                "dimension" : {
                  "xs" : 12,
                  "sm" : 12,
                  "md" : 2,
                  "lg" : 2
                },
                "propertyValues" : {
                  "cssClasses" : {
                    "type" : "constant",
                    "value" : ""
                  },
                  "hidden" : {
                    "type" : "constant",
                    "value" : false
                  },
                  "disabled" : {
                    "type" : "constant",
                    "value" : false
                  },
                  "label" : {
                    "type" : "interpolation",
                    "value" : "Eliminar"
                  },
                  "alignment" : {
                    "type" : "constant",
                    "value" : "right"
                  },
                  "buttonStyle" : {
                    "type" : "constant",
                    "value" : "danger"
                  },
                  "action" : {
                    "type" : "constant",
                    "value" : "Remove from collection"
                  },
                  "url" : {
                    "type" : "interpolation"
                  },
                  "dataToSend" : {
                    "type" : "constant"
                  },
                  "dataFromSuccess" : {
                    "type" : "variable"
                  },
                  "dataFromError" : {
                    "type" : "variable"
                  },
                  "targetUrlOnSuccess" : {
                    "type" : "interpolation"
                  },
                  "collectionToModify" : {
                    "type" : "variable",
                    "value" : "$collection"
                  },
                  "collectionPosition" : {
                    "type" : "constant",
                    "value" : "Item"
                  },
                  "valueToAdd" : {
                    "type" : "constant"
                  },
                  "removeItem" : {
                    "type" : "variable",
                    "value" : "$item"
                  },
                  "hide" : {
                    "type" : "variable",
                    "value" : "temp.display"
                  }
                },
                "reference" : "d1f39df0-1cec-4354-9f35-842957ed6abf",
                "id" : "customCustomButton"
              } ] ]
            } ], [ {
              "type" : "component",
              "dimension" : {
                "xs" : 12,
                "sm" : 12,
                "md" : 12,
                "lg" : 12
              },
              "propertyValues" : {
                "cssClasses" : {
                  "type" : "constant",
                  "value" : "alert bt-secundario font"
                },
                "hidden" : {
                  "type" : "constant",
                  "value" : false
                },
                "disabled" : {
                  "type" : "constant",
                  "value" : false
                },
                "label" : {
                  "type" : "interpolation",
                  "value" : "Añadir restricción"
                },
                "alignment" : {
                  "type" : "constant",
                  "value" : "right"
                },
                "buttonStyle" : {
                  "type" : "constant",
                  "value" : "success"
                },
                "action" : {
                  "type" : "constant",
                  "value" : "Add to collection"
                },
                "url" : {
                  "type" : "interpolation"
                },
                "dataToSend" : {
                  "type" : "constant"
                },
                "dataFromSuccess" : {
                  "type" : "variable"
                },
                "dataFromError" : {
                  "type" : "variable"
                },
                "targetUrlOnSuccess" : {
                  "type" : "interpolation"
                },
                "collectionToModify" : {
                  "type" : "variable",
                  "value" : "$item.restricciones"
                },
                "collectionPosition" : {
                  "type" : "constant",
                  "value" : "Last"
                },
                "valueToAdd" : {
                  "type" : "constant"
                },
                "removeItem" : {
                  "type" : "variable"
                }
              },
              "reference" : "927eaad4-2ed9-46e1-8cba-bc3575da7c24",
              "id" : "pbButton"
            } ] ]
          } ], [ {
            "type" : "container",
            "dimension" : {
              "xs" : 12,
              "sm" : 12,
              "md" : 12,
              "lg" : 12
            },
            "propertyValues" : {
              "cssClasses" : {
                "type" : "constant",
                "value" : ""
              },
              "hidden" : {
                "type" : "constant",
                "value" : false
              },
              "repeatedCollection" : {
                "type" : "variable"
              }
            },
            "reference" : "0e1b9d1c-6ce8-41df-80fb-f3f6e6b6be1d",
            "id" : "pbContainer",
            "rows" : [ [ {
              "type" : "component",
              "dimension" : {
                "xs" : 12,
                "sm" : 12,
                "md" : 12,
                "lg" : 12
              },
              "propertyValues" : {
                "cssClasses" : {
                  "type" : "constant",
                  "value" : "encabezado"
                },
                "hidden" : {
                  "type" : "constant",
                  "value" : false
                },
                "text" : {
                  "type" : "interpolation",
                  "value" : "Prioridades"
                },
                "level" : {
                  "type" : "constant",
                  "value" : "Level 3"
                },
                "alignment" : {
                  "type" : "constant",
                  "value" : "left"
                }
              },
              "reference" : "b051b549-2967-43d5-b85e-6be6afea7a03",
              "id" : "pbTitle"
            } ], [ {
              "type" : "container",
              "dimension" : {
                "xs" : 12,
                "sm" : 12,
                "md" : 12,
                "lg" : 12
              },
              "propertyValues" : {
                "cssClasses" : {
                  "type" : "constant",
                  "value" : ""
                },
                "hidden" : {
                  "type" : "expression",
                  "value" : "temp.display2"
                },
                "repeatedCollection" : {
                  "type" : "variable",
                  "value" : "$item.prioridades"
                }
              },
              "reference" : "0f15437c-b475-42e4-a806-125d63bc77f9",
              "id" : "pbContainer",
              "rows" : [ [ {
                "type" : "fragment",
                "dimension" : {
                  "xs" : 12,
                  "sm" : 12,
                  "md" : 10,
                  "lg" : 10
                },
                "propertyValues" : {
                  "cssClasses" : {
                    "type" : "constant",
                    "value" : ""
                  },
                  "hidden" : {
                    "type" : "constant",
                    "value" : false
                  }
                },
                "reference" : "dd1f8114-1791-408d-a389-dedcc0eca8ee",
                "id" : "59e291c7-022a-43e1-bccf-db31973a6e66",
                "binding" : {
                  "parametria" : "ws_parametria[0]",
                  "item" : "$item"
                }
              }, {
                "type" : "container",
                "dimension" : {
                  "xs" : 12,
                  "sm" : 12,
                  "md" : 2,
                  "lg" : 2
                },
                "propertyValues" : {
                  "cssClasses" : {
                    "type" : "constant",
                    "value" : ""
                  },
                  "hidden" : {
                    "type" : "constant",
                    "value" : false
                  },
                  "repeatedCollection" : {
                    "type" : "variable"
                  }
                },
                "reference" : "ef8bae06-7984-410e-8f4f-04623639e1af",
                "id" : "pbContainer",
                "rows" : [ [ {
                  "type" : "component",
                  "dimension" : {
                    "xs" : 12,
                    "sm" : 12,
                    "md" : 12,
                    "lg" : 12
                  },
                  "propertyValues" : {
                    "cssClasses" : {
                      "type" : "constant",
                      "value" : ""
                    },
                    "hidden" : {
                      "type" : "constant",
                      "value" : false
                    },
                    "disabled" : {
                      "type" : "constant",
                      "value" : false
                    },
                    "label" : {
                      "type" : "interpolation",
                      "value" : "Eliminar"
                    },
                    "alignment" : {
                      "type" : "constant",
                      "value" : "right"
                    },
                    "buttonStyle" : {
                      "type" : "constant",
                      "value" : "danger"
                    },
                    "action" : {
                      "type" : "constant",
                      "value" : "Remove from collection"
                    },
                    "url" : {
                      "type" : "interpolation"
                    },
                    "dataToSend" : {
                      "type" : "constant"
                    },
                    "dataFromSuccess" : {
                      "type" : "variable"
                    },
                    "dataFromError" : {
                      "type" : "variable"
                    },
                    "targetUrlOnSuccess" : {
                      "type" : "interpolation"
                    },
                    "collectionToModify" : {
                      "type" : "variable",
                      "value" : "$collection"
                    },
                    "collectionPosition" : {
                      "type" : "constant",
                      "value" : "Item"
                    },
                    "valueToAdd" : {
                      "type" : "constant"
                    },
                    "removeItem" : {
                      "type" : "variable",
                      "value" : "$item"
                    },
                    "hide" : {
                      "type" : "variable",
                      "value" : "temp.display2"
                    }
                  },
                  "reference" : "3ca88284-25c6-46f5-b468-a495558bb4ee",
                  "id" : "customCustomButton"
                } ] ]
              } ] ]
            } ], [ {
              "type" : "component",
              "dimension" : {
                "xs" : 12,
                "sm" : 12,
                "md" : 12,
                "lg" : 12
              },
              "propertyValues" : {
                "cssClasses" : {
                  "type" : "constant",
                  "value" : "alert bt-secundario font"
                },
                "hidden" : {
                  "type" : "constant",
                  "value" : false
                },
                "disabled" : {
                  "type" : "constant",
                  "value" : false
                },
                "label" : {
                  "type" : "interpolation",
                  "value" : "Añadir prioridad"
                },
                "alignment" : {
                  "type" : "constant",
                  "value" : "right"
                },
                "buttonStyle" : {
                  "type" : "constant",
                  "value" : "warning"
                },
                "action" : {
                  "type" : "constant",
                  "value" : "Add to collection"
                },
                "url" : {
                  "type" : "interpolation"
                },
                "dataToSend" : {
                  "type" : "constant"
                },
                "dataFromSuccess" : {
                  "type" : "variable"
                },
                "dataFromError" : {
                  "type" : "variable"
                },
                "targetUrlOnSuccess" : {
                  "type" : "interpolation"
                },
                "collectionToModify" : {
                  "type" : "variable",
                  "value" : "$item.prioridades"
                },
                "collectionPosition" : {
                  "type" : "constant",
                  "value" : "Last"
                },
                "valueToAdd" : {
                  "type" : "constant",
                  "value" : ""
                },
                "removeItem" : {
                  "type" : "variable"
                }
              },
              "reference" : "46bcc13e-d217-4fad-9ebc-ae9a8aceccea",
              "id" : "pbButton"
            } ] ]
          } ], [ {
            "type" : "container",
            "dimension" : {
              "xs" : 12,
              "sm" : 12,
              "md" : 12,
              "lg" : 12
            },
            "propertyValues" : {
              "cssClasses" : {
                "type" : "constant",
                "value" : ""
              },
              "hidden" : {
                "type" : "constant",
                "value" : false
              },
              "repeatedCollection" : {
                "type" : "variable"
              }
            },
            "reference" : "1f7d93a0-1b12-43ea-a5d7-ba78fb1e0c4f",
            "id" : "pbContainer",
            "rows" : [ [ {
              "type" : "component",
              "dimension" : {
                "xs" : 12,
                "sm" : 12,
                "md" : 12,
                "lg" : 12
              },
              "propertyValues" : {
                "cssClasses" : {
                  "type" : "constant",
                  "value" : "encabezado"
                },
                "hidden" : {
                  "type" : "constant",
                  "value" : false
                },
                "text" : {
                  "type" : "interpolation",
                  "value" : "Órdenes"
                },
                "level" : {
                  "type" : "constant",
                  "value" : "Level 3"
                },
                "alignment" : {
                  "type" : "constant",
                  "value" : "left"
                }
              },
              "reference" : "658e39f3-52aa-41e3-ace1-30c4dd98a192",
              "id" : "pbTitle"
            } ], [ {
              "type" : "container",
              "dimension" : {
                "xs" : 12,
                "sm" : 12,
                "md" : 12,
                "lg" : 12
              },
              "propertyValues" : {
                "cssClasses" : {
                  "type" : "constant",
                  "value" : ""
                },
                "hidden" : {
                  "type" : "expression",
                  "value" : "temp.display3"
                },
                "repeatedCollection" : {
                  "type" : "variable",
                  "value" : "$item.ordenes"
                }
              },
              "reference" : "fea215ed-f840-4bfd-b0b9-4da9e4997e2b",
              "id" : "pbContainer",
              "rows" : [ [ {
                "type" : "component",
                "dimension" : {
                  "xs" : 12,
                  "sm" : 12,
                  "md" : 3,
                  "lg" : 3
                },
                "propertyValues" : {
                  "cssClasses" : {
                    "type" : "constant",
                    "value" : ""
                  },
                  "hidden" : {
                    "type" : "constant",
                    "value" : false
                  },
                  "disabled" : {
                    "type" : "constant",
                    "value" : false
                  },
                  "required" : {
                    "type" : "constant",
                    "value" : true
                  },
                  "labelHidden" : {
                    "type" : "constant",
                    "value" : true
                  },
                  "label" : {
                    "type" : "interpolation",
                    "value" : "Orden"
                  },
                  "labelPosition" : {
                    "type" : "constant",
                    "value" : "top"
                  },
                  "labelWidth" : {
                    "type" : "constant",
                    "value" : 4
                  },
                  "placeholder" : {
                    "type" : "interpolation",
                    "value" : "Orden"
                  },
                  "availableValues" : {
                    "type" : "expression",
                    "value" : "ws_parametria[0].campos"
                  },
                  "displayedKey" : {
                    "type" : "constant",
                    "value" : "nombre"
                  },
                  "returnedKey" : {
                    "type" : "constant",
                    "value" : "nombre"
                  },
                  "value" : {
                    "type" : "variable",
                    "value" : "$item.nombre"
                  }
                },
                "reference" : "8c51e5f4-7cb4-4842-a9a4-60acc0a23834",
                "id" : "pbSelect"
              }, {
                "type" : "component",
                "dimension" : {
                  "xs" : 12,
                  "sm" : 12,
                  "md" : 2,
                  "lg" : 2
                },
                "propertyValues" : {
                  "cssClasses" : {
                    "type" : "constant",
                    "value" : ""
                  },
                  "hidden" : {
                    "type" : "constant",
                    "value" : false
                  },
                  "disabled" : {
                    "type" : "constant",
                    "value" : false
                  },
                  "required" : {
                    "type" : "constant",
                    "value" : true
                  },
                  "labelHidden" : {
                    "type" : "constant",
                    "value" : true
                  },
                  "label" : {
                    "type" : "interpolation",
                    "value" : "Criterio"
                  },
                  "labelPosition" : {
                    "type" : "constant",
                    "value" : "top"
                  },
                  "labelWidth" : {
                    "type" : "constant",
                    "value" : 4
                  },
                  "placeholder" : {
                    "type" : "interpolation",
                    "value" : "Criterio"
                  },
                  "availableValues" : {
                    "type" : "constant",
                    "value" : [ "ASC", "DESC" ]
                  },
                  "displayedKey" : {
                    "type" : "constant"
                  },
                  "returnedKey" : {
                    "type" : "constant"
                  },
                  "value" : {
                    "type" : "variable",
                    "value" : "$item.criterio"
                  }
                },
                "reference" : "14f31de9-eacd-4ff0-89df-5c3b4823c01e",
                "id" : "pbSelect"
              }, {
                "type" : "component",
                "dimension" : {
                  "xs" : 12,
                  "sm" : 12,
                  "md" : 7,
                  "lg" : 7
                },
                "propertyValues" : {
                  "cssClasses" : {
                    "type" : "constant",
                    "value" : ""
                  },
                  "hidden" : {
                    "type" : "constant",
                    "value" : false
                  },
                  "disabled" : {
                    "type" : "constant",
                    "value" : false
                  },
                  "label" : {
                    "type" : "interpolation",
                    "value" : "Eliminar"
                  },
                  "alignment" : {
                    "type" : "constant",
                    "value" : "right"
                  },
                  "buttonStyle" : {
                    "type" : "constant",
                    "value" : "danger"
                  },
                  "action" : {
                    "type" : "constant",
                    "value" : "Remove from collection"
                  },
                  "url" : {
                    "type" : "interpolation"
                  },
                  "dataToSend" : {
                    "type" : "constant"
                  },
                  "dataFromSuccess" : {
                    "type" : "variable"
                  },
                  "dataFromError" : {
                    "type" : "variable"
                  },
                  "targetUrlOnSuccess" : {
                    "type" : "interpolation"
                  },
                  "collectionToModify" : {
                    "type" : "variable",
                    "value" : "$collection"
                  },
                  "collectionPosition" : {
                    "type" : "constant",
                    "value" : "Item"
                  },
                  "valueToAdd" : {
                    "type" : "constant"
                  },
                  "removeItem" : {
                    "type" : "variable",
                    "value" : "$item"
                  },
                  "hide" : {
                    "type" : "variable",
                    "value" : "temp.display3"
                  }
                },
                "reference" : "7141224e-50ee-4fb0-9d46-98379859cb94",
                "id" : "customCustomButton"
              } ] ]
            } ], [ {
              "type" : "component",
              "dimension" : {
                "xs" : 12,
                "sm" : 12,
                "md" : 12,
                "lg" : 12
              },
              "propertyValues" : {
                "cssClasses" : {
                  "type" : "constant",
                  "value" : "alert bt-secundario font"
                },
                "hidden" : {
                  "type" : "constant",
                  "value" : false
                },
                "disabled" : {
                  "type" : "constant",
                  "value" : false
                },
                "label" : {
                  "type" : "interpolation",
                  "value" : "Añadir orden"
                },
                "alignment" : {
                  "type" : "constant",
                  "value" : "right"
                },
                "buttonStyle" : {
                  "type" : "constant",
                  "value" : "success"
                },
                "action" : {
                  "type" : "constant",
                  "value" : "Add to collection"
                },
                "url" : {
                  "type" : "interpolation"
                },
                "dataToSend" : {
                  "type" : "constant"
                },
                "dataFromSuccess" : {
                  "type" : "variable"
                },
                "dataFromError" : {
                  "type" : "variable"
                },
                "targetUrlOnSuccess" : {
                  "type" : "interpolation"
                },
                "collectionToModify" : {
                  "type" : "variable",
                  "value" : "$item.ordenes"
                },
                "collectionPosition" : {
                  "type" : "constant",
                  "value" : "Last"
                },
                "valueToAdd" : {
                  "type" : "constant"
                },
                "removeItem" : {
                  "type" : "variable"
                }
              },
              "reference" : "ff3d92da-b6e1-4479-8cd7-42fdb453353d",
              "id" : "pbButton"
            } ] ]
          } ], [ {
            "type" : "component",
            "dimension" : {
              "xs" : 12,
              "sm" : 12,
              "md" : 12,
              "lg" : 12
            },
            "propertyValues" : {
              "cssClasses" : {
                "type" : "constant",
                "value" : "bt-primario font"
              },
              "hidden" : {
                "type" : "constant",
                "value" : false
              },
              "disabled" : {
                "type" : "expression",
                "value" : "$form.$invalid"
              },
              "label" : {
                "type" : "interpolation",
                "value" : "Aplicar regla"
              },
              "alignment" : {
                "type" : "constant",
                "value" : "center"
              },
              "buttonStyle" : {
                "type" : "constant",
                "value" : "info"
              },
              "action" : {
                "type" : "constant",
                "value" : "PUT"
              },
              "url" : {
                "type" : "interpolation",
                "value" : "{{url_servicios}}reglas"
              },
              "dataToSend" : {
                "type" : "expression",
                "value" : "$item"
              },
              "dataFromSuccess" : {
                "type" : "variable",
                "value" : "msg"
              },
              "dataFromError" : {
                "type" : "variable",
                "value" : "msg"
              },
              "targetUrlOnSuccess" : {
                "type" : "interpolation"
              },
              "collectionToModify" : {
                "type" : "variable"
              },
              "collectionPosition" : {
                "type" : "constant",
                "value" : "Last"
              },
              "valueToAdd" : {
                "type" : "constant"
              },
              "removeItem" : {
                "type" : "variable"
              }
            },
            "reference" : "7d9008cf-e4b5-4ddd-a403-22db34d94fb9",
            "id" : "pbButton"
          } ], [ {
            "type" : "component",
            "dimension" : {
              "xs" : 12,
              "sm" : 12,
              "md" : 6,
              "lg" : 6
            },
            "propertyValues" : {
              "cssClasses" : {
                "type" : "constant",
                "value" : ""
              },
              "hidden" : {
                "type" : "expression",
                "value" : "!msg"
              },
              "text" : {
                "type" : "interpolation",
                "value" : "{{msg}}"
              },
              "alignment" : {
                "type" : "constant",
                "value" : "left"
              },
              "allowHTML" : {
                "type" : "constant",
                "value" : true
              }
            },
            "reference" : "43b148e1-68b3-41b8-be4e-23ce07f3a5c5",
            "id" : "pbText"
          }, {
            "type" : "component",
            "dimension" : {
              "xs" : 12,
              "sm" : 12,
              "md" : 6,
              "lg" : 6
            },
            "propertyValues" : {
              "cssClasses" : {
                "type" : "constant",
                "value" : ""
              },
              "hidden" : {
                "type" : "constant",
                "value" : true
              },
              "text" : {
                "type" : "interpolation",
                "value" : "item: {{$item | json}}"
              },
              "alignment" : {
                "type" : "constant",
                "value" : "left"
              },
              "allowHTML" : {
                "type" : "constant",
                "value" : true
              }
            },
            "reference" : "acdce445-f9a9-41ba-81d8-fde62c470a63",
            "id" : "pbText"
          } ] ]
        }
      } ] ]
    } ] ]
  } ], [ {
    "type" : "container",
    "dimension" : {
      "xs" : 12,
      "sm" : 12,
      "md" : 12,
      "lg" : 12
    },
    "propertyValues" : {
      "cssClasses" : {
        "type" : "constant",
        "value" : "Modal-overlay"
      },
      "hidden" : {
        "type" : "constant",
        "value" : false
      },
      "repeatedCollection" : {
        "type" : "variable",
        "value" : "temp.modal"
      }
    },
    "reference" : "fb2eea99-8bad-4536-8dbc-3c374f33cc1f",
    "id" : "pbContainer",
    "rows" : [ [ {
      "type" : "container",
      "dimension" : {
        "xs" : 12,
        "sm" : 12,
        "md" : 12,
        "lg" : 12
      },
      "propertyValues" : {
        "cssClasses" : {
          "type" : "constant",
          "value" : "Modal-content"
        },
        "hidden" : {
          "type" : "expression",
          "value" : "temp.modal[0] == 1;"
        },
        "repeatedCollection" : {
          "type" : "variable"
        }
      },
      "reference" : "94a6588b-13a8-4ef7-8c72-f462a1fac407",
      "id" : "pbContainer",
      "rows" : [ [ {
        "type" : "component",
        "dimension" : {
          "xs" : 12,
          "sm" : 12,
          "md" : 12,
          "lg" : 12
        },
        "propertyValues" : {
          "cssClasses" : {
            "type" : "constant",
            "value" : ""
          },
          "hidden" : {
            "type" : "constant",
            "value" : false
          },
          "text" : {
            "type" : "interpolation",
            "value" : "<span class=\"glyphicon glyphicon-warning-sign\" aria-hidden=\"true\"></span> <strong>Sólo las reglas guardadas se copiarán a la plantilla. </strong>\n<br/><br/>\n<div class=\"text-center\"><strong>¿Está seguro?</strong></div>"
          },
          "alignment" : {
            "type" : "constant",
            "value" : "left"
          },
          "allowHTML" : {
            "type" : "constant",
            "value" : true
          }
        },
        "reference" : "1ca406e9-c545-41e3-a529-2cf7c59f2563",
        "id" : "pbText"
      } ], [ {
        "type" : "component",
        "dimension" : {
          "xs" : 12,
          "sm" : 12,
          "md" : 6,
          "lg" : 6
        },
        "propertyValues" : {
          "cssClasses" : {
            "type" : "constant",
            "value" : ""
          },
          "hidden" : {
            "type" : "constant",
            "value" : false
          },
          "disabled" : {
            "type" : "constant",
            "value" : false
          },
          "label" : {
            "type" : "interpolation",
            "value" : "Cancelar"
          },
          "alignment" : {
            "type" : "constant",
            "value" : "right"
          },
          "buttonStyle" : {
            "type" : "constant",
            "value" : "danger"
          },
          "action" : {
            "type" : "constant",
            "value" : "Remove from collection"
          },
          "url" : {
            "type" : "interpolation"
          },
          "dataToSend" : {
            "type" : "constant"
          },
          "dataFromSuccess" : {
            "type" : "variable"
          },
          "dataFromError" : {
            "type" : "variable"
          },
          "targetUrlOnSuccess" : {
            "type" : "interpolation"
          },
          "collectionToModify" : {
            "type" : "variable",
            "value" : "temp.modal"
          },
          "collectionPosition" : {
            "type" : "constant",
            "value" : "First"
          },
          "valueToAdd" : {
            "type" : "constant"
          },
          "removeItem" : {
            "type" : "variable"
          }
        },
        "reference" : "7df08dc0-27ca-4527-9f91-cf3d4ce23c5e",
        "id" : "pbButton"
      }, {
        "type" : "component",
        "dimension" : {
          "xs" : 12,
          "sm" : 12,
          "md" : 6,
          "lg" : 6
        },
        "propertyValues" : {
          "cssClasses" : {
            "type" : "constant",
            "value" : "bt-primario"
          },
          "hidden" : {
            "type" : "constant",
            "value" : false
          },
          "disabled" : {
            "type" : "constant",
            "value" : false
          },
          "label" : {
            "type" : "interpolation",
            "value" : "Guardar reglas en plantilla"
          },
          "alignment" : {
            "type" : "constant",
            "value" : "left"
          },
          "buttonStyle" : {
            "type" : "constant",
            "value" : "default"
          },
          "action" : {
            "type" : "constant",
            "value" : "PUT"
          },
          "url" : {
            "type" : "interpolation",
            "value" : "{{url_servicios}}reglas/Plantillas/{{temp.categoriaSelected.name}}"
          },
          "dataToSend" : {
            "type" : "expression",
            "value" : "acciones.guardar"
          },
          "dataFromSuccess" : {
            "type" : "variable",
            "value" : ""
          },
          "dataFromError" : {
            "type" : "variable"
          },
          "targetUrlOnSuccess" : {
            "type" : "interpolation"
          },
          "collectionToModify" : {
            "type" : "variable"
          },
          "collectionPosition" : {
            "type" : "constant",
            "value" : "Last"
          },
          "valueToAdd" : {
            "type" : "constant"
          },
          "removeItem" : {
            "type" : "variable"
          }
        },
        "reference" : "f9da36a8-a239-4ddd-80cf-8d3073837946",
        "id" : "pbButton"
      } ] ]
    } ], [ {
      "type" : "container",
      "dimension" : {
        "xs" : 12,
        "sm" : 12,
        "md" : 12,
        "lg" : 12
      },
      "propertyValues" : {
        "cssClasses" : {
          "type" : "constant",
          "value" : "Modal-content"
        },
        "hidden" : {
          "type" : "expression",
          "value" : "temp.modal[0] != 1;"
        },
        "repeatedCollection" : {
          "type" : "variable"
        }
      },
      "reference" : "a7c131e4-a68c-41bf-adac-0e15500e221b",
      "id" : "pbContainer",
      "rows" : [ [ {
        "type" : "component",
        "dimension" : {
          "xs" : 12,
          "sm" : 12,
          "md" : 12,
          "lg" : 12
        },
        "propertyValues" : {
          "cssClasses" : {
            "type" : "constant",
            "value" : ""
          },
          "hidden" : {
            "type" : "constant",
            "value" : false
          },
          "text" : {
            "type" : "interpolation",
            "value" : "<h3>Reglas guardadas en plantilla</h3>\n<pre>{{temp.plantilla | json}}</pre>"
          },
          "alignment" : {
            "type" : "constant",
            "value" : "left"
          },
          "allowHTML" : {
            "type" : "constant",
            "value" : true
          }
        },
        "reference" : "cbdf516f-8401-426f-b1e3-5c3e999b1911",
        "id" : "pbText"
      } ], [ {
        "type" : "component",
        "dimension" : {
          "xs" : 12,
          "sm" : 12,
          "md" : 6,
          "lg" : 6
        },
        "propertyValues" : {
          "cssClasses" : {
            "type" : "constant",
            "value" : ""
          },
          "hidden" : {
            "type" : "constant",
            "value" : false
          },
          "disabled" : {
            "type" : "constant",
            "value" : false
          },
          "label" : {
            "type" : "interpolation",
            "value" : "Cancelar"
          },
          "alignment" : {
            "type" : "constant",
            "value" : "right"
          },
          "buttonStyle" : {
            "type" : "constant",
            "value" : "danger"
          },
          "action" : {
            "type" : "constant",
            "value" : "Add to collection"
          },
          "url" : {
            "type" : "interpolation"
          },
          "dataToSend" : {
            "type" : "constant"
          },
          "dataFromSuccess" : {
            "type" : "variable"
          },
          "dataFromError" : {
            "type" : "variable"
          },
          "targetUrlOnSuccess" : {
            "type" : "interpolation"
          },
          "collectionToModify" : {
            "type" : "variable",
            "value" : "temp.modal"
          },
          "collectionPosition" : {
            "type" : "constant",
            "value" : "First"
          },
          "valueToAdd" : {
            "type" : "constant",
            "value" : "1"
          },
          "removeItem" : {
            "type" : "variable"
          }
        },
        "reference" : "b7b5bd5b-b0a4-4106-8504-64f1c2ba13cd",
        "id" : "pbButton"
      }, {
        "type" : "component",
        "dimension" : {
          "xs" : 12,
          "sm" : 12,
          "md" : 6,
          "lg" : 6
        },
        "propertyValues" : {
          "cssClasses" : {
            "type" : "constant",
            "value" : "bt-secundario"
          },
          "hidden" : {
            "type" : "constant",
            "value" : false
          },
          "disabled" : {
            "type" : "constant",
            "value" : false
          },
          "label" : {
            "type" : "interpolation",
            "value" : "Restaurar plantilla"
          },
          "alignment" : {
            "type" : "constant",
            "value" : "left"
          },
          "buttonStyle" : {
            "type" : "constant",
            "value" : "default"
          },
          "action" : {
            "type" : "constant",
            "value" : "PUT"
          },
          "url" : {
            "type" : "interpolation",
            "value" : "{{url_servicios}}reglas/Plantillas/{{temp.categoriaSelected.name}}"
          },
          "dataToSend" : {
            "type" : "expression",
            "value" : "acciones.restaurar"
          },
          "dataFromSuccess" : {
            "type" : "variable",
            "value" : "reglasCargadas"
          },
          "dataFromError" : {
            "type" : "variable"
          },
          "targetUrlOnSuccess" : {
            "type" : "interpolation"
          },
          "collectionToModify" : {
            "type" : "variable"
          },
          "collectionPosition" : {
            "type" : "constant",
            "value" : "Last"
          },
          "valueToAdd" : {
            "type" : "constant"
          },
          "removeItem" : {
            "type" : "variable"
          }
        },
        "reference" : "10283644-98d9-4a8c-8f5c-84816af950dd",
        "id" : "pbButton"
      } ] ]
    } ] ]
  } ], [ {
    "type" : "container",
    "dimension" : {
      "xs" : 12,
      "sm" : 12,
      "md" : 12,
      "lg" : 12
    },
    "propertyValues" : {
      "cssClasses" : {
        "type" : "constant",
        "value" : ""
      },
      "hidden" : {
        "type" : "constant",
        "value" : true
      },
      "repeatedCollection" : {
        "type" : "variable"
      }
    },
    "reference" : "e870c4ab-8ac4-46a8-a3cf-66d9cf22b6f1",
    "id" : "pbContainer",
    "rows" : [ [ {
      "type" : "component",
      "dimension" : {
        "xs" : 12,
        "sm" : 12,
        "md" : 12,
        "lg" : 12
      },
      "propertyValues" : {
        "cssClasses" : {
          "type" : "constant",
          "value" : ""
        },
        "hidden" : {
          "type" : "constant",
          "value" : false
        },
        "text" : {
          "type" : "interpolation",
          "value" : "Debug"
        },
        "level" : {
          "type" : "constant",
          "value" : "Level 2"
        },
        "alignment" : {
          "type" : "constant",
          "value" : "center"
        }
      },
      "reference" : "e02d1489-7c61-4fde-b392-6782be76324a",
      "id" : "pbTitle"
    } ], [ {
      "type" : "component",
      "dimension" : {
        "xs" : 12,
        "sm" : 12,
        "md" : 6,
        "lg" : 6
      },
      "propertyValues" : {
        "cssClasses" : {
          "type" : "constant",
          "value" : ""
        },
        "hidden" : {
          "type" : "constant",
          "value" : false
        },
        "text" : {
          "type" : "interpolation",
          "value" : "temp<pre>{{temp | json}}</pre>\nreglasActuales <pre>{{reglasActuales | json}}</pre>"
        },
        "alignment" : {
          "type" : "constant",
          "value" : "left"
        },
        "allowHTML" : {
          "type" : "constant",
          "value" : true
        }
      },
      "reference" : "6db0637d-2294-495b-a659-2f8a4536a865",
      "id" : "pbText"
    }, {
      "type" : "component",
      "dimension" : {
        "xs" : 12,
        "sm" : 12,
        "md" : 6,
        "lg" : 6
      },
      "propertyValues" : {
        "cssClasses" : {
          "type" : "constant",
          "value" : ""
        },
        "hidden" : {
          "type" : "constant",
          "value" : false
        },
        "text" : {
          "type" : "interpolation",
          "value" : "usuariosEnCategoria <pre>{{usuariosEnCategoria | json}}</pre>\n\nusuariosSeleccionados <pre>{{usuariosSeleccionados | json}}</pre>\n\nusuariosListado <pre>{{usuariosListado | json}}</pre>\n\nreglasCargadas <pre>{{reglasCargadas | json}}</pre>\nws_reglas_get <pre>{{ws_reglas_get | json}}</pre>"
        },
        "alignment" : {
          "type" : "constant",
          "value" : "left"
        },
        "allowHTML" : {
          "type" : "constant",
          "value" : true
        }
      },
      "reference" : "853abc18-d093-4314-aef0-36a2a7cb6020",
      "id" : "pbText"
    } ], [ {
      "type" : "component",
      "dimension" : {
        "xs" : 12,
        "sm" : 12,
        "md" : 12,
        "lg" : 12
      },
      "propertyValues" : {
        "cssClasses" : {
          "type" : "constant",
          "value" : ""
        },
        "hidden" : {
          "type" : "constant",
          "value" : false
        },
        "text" : {
          "type" : "interpolation",
          "value" : "ws_parametria <pre>{{ws_parametria | json}}</pre>"
        },
        "alignment" : {
          "type" : "constant",
          "value" : "left"
        },
        "allowHTML" : {
          "type" : "constant",
          "value" : true
        }
      },
      "reference" : "03bf7fe9-8242-4882-b27e-0d5cad9cf024",
      "id" : "pbText"
    } ], [ {
      "type" : "component",
      "dimension" : {
        "xs" : 12,
        "sm" : 12,
        "md" : 6,
        "lg" : 6
      },
      "propertyValues" : {
        "cssClasses" : {
          "type" : "constant",
          "value" : ""
        },
        "hidden" : {
          "type" : "constant",
          "value" : false
        },
        "text" : {
          "type" : "interpolation",
          "value" : "categorias<pre>{{categorias| json}}</pre>\nusuariosSeleccionados<pre>{{usuariosSeleccionados | json}}</pre>\nregla<pre>{{regla| json}}</pre>"
        },
        "alignment" : {
          "type" : "constant",
          "value" : "left"
        },
        "allowHTML" : {
          "type" : "constant",
          "value" : true
        }
      },
      "reference" : "c1f333ec-f060-4cb1-a8b7-55e39f6c3b76",
      "id" : "pbText"
    }, {
      "type" : "component",
      "dimension" : {
        "xs" : 12,
        "sm" : 12,
        "md" : 6,
        "lg" : 6
      },
      "propertyValues" : {
        "cssClasses" : {
          "type" : "constant",
          "value" : ""
        },
        "hidden" : {
          "type" : "constant",
          "value" : false
        },
        "text" : {
          "type" : "interpolation",
          "value" : "guardarReglas<pre>{{guardarReglas | json}}</pre>"
        },
        "alignment" : {
          "type" : "constant",
          "value" : "left"
        },
        "allowHTML" : {
          "type" : "constant",
          "value" : true
        }
      },
      "reference" : "67ad1b8e-e48b-435f-b667-6ed579bfa929",
      "id" : "pbText"
    } ], [ {
      "type" : "component",
      "dimension" : {
        "xs" : 12,
        "sm" : 12,
        "md" : 6,
        "lg" : 6
      },
      "propertyValues" : {
        "cssClasses" : {
          "type" : "constant",
          "value" : ""
        },
        "hidden" : {
          "type" : "constant",
          "value" : false
        },
        "text" : {
          "type" : "interpolation",
          "value" : "temp<pre>{{temp| json}}</pre>"
        },
        "alignment" : {
          "type" : "constant",
          "value" : "left"
        },
        "allowHTML" : {
          "type" : "constant",
          "value" : true
        }
      },
      "reference" : "8994ef3d-9dbf-4c7a-9c60-6e3af1c93683",
      "id" : "pbText"
    }, {
      "type" : "component",
      "dimension" : {
        "xs" : 12,
        "sm" : 12,
        "md" : 6,
        "lg" : 6
      },
      "propertyValues" : {
        "cssClasses" : {
          "type" : "constant",
          "value" : ""
        },
        "hidden" : {
          "type" : "constant",
          "value" : false
        },
        "text" : {
          "type" : "interpolation",
          "value" : "bdm_reglas_filtro<pre>{{bdm_reglas_filtro| json}}</pre>"
        },
        "alignment" : {
          "type" : "constant",
          "value" : "left"
        },
        "allowHTML" : {
          "type" : "constant",
          "value" : true
        }
      },
      "reference" : "e2c684ee-b336-451b-8958-ec0c1ddf6a3d",
      "id" : "pbText"
    } ] ]
  } ] ],
  "assets" : [ {
    "id" : "67d2f6fd-ecab-4ed4-bd59-3611eeba4f96",
    "name" : "modal.css",
    "type" : "css",
    "order" : 3,
    "external" : false
  }, {
    "id" : "b39ad900-1de9-475f-805b-49e7f8efeb70",
    "name" : "ui-bootstrap-tpls-0.13.0.min.js",
    "type" : "js",
    "order" : 5,
    "external" : false
  }, {
    "id" : "5ba35dc6-9ec6-4c5f-b511-e6b3cb3cd369",
    "name" : "https://unpkg.com/rxjs/bundles/Rx.min.js",
    "type" : "js",
    "order" : 2,
    "external" : true
  }, {
    "id" : "cf66406e-9af7-4021-9a7a-63ae0787422a",
    "name" : "style1.css",
    "type" : "css",
    "order" : 4,
    "external" : false
  }, {
    "id" : "6bf10295-55bf-4a0c-a229-00ce40f9e13e",
    "name" : "localization.json",
    "type" : "json",
    "order" : 0,
    "external" : false
  }, {
    "id" : "68436309-7af3-47ff-9e1a-38f0bf885433",
    "name" : "style.css",
    "type" : "css",
    "order" : 1,
    "external" : false
  } ],
  "inactiveAssets" : [ "5ba35dc6-9ec6-4c5f-b511-e6b3cb3cd369" ],
  "data" : {
    "processList" : {
      "type" : "url",
      "value" : "../API/bpm/process?p=0&c=100",
      "exposed" : false
    },
    "temp" : {
      "type" : "json",
      "value" : "{\n    \"final\":[],\n    \"toaster\": []\n}",
      "exposed" : false
    },
    "regla" : {
      "type" : "expression",
      "value" : "Array.prototype.concatAll = function() {\n\tvar results = [];\n\tthis.forEach(function(subArray) {\n\t\tresults.push.apply(results, subArray);\n\t});\n\n\treturn results;\n};\n\nArray.prototype.equals = function (array) {\n    // if the other array is a falsy value, return\n    if (!array)\n        return false;\n\n    // compare lengths - can save a lot of time \n    if (this.length != array.length)\n        return false;\n\n    for (var i = 0, l=this.length; i < l; i++) {\n        // Check if we have nested arrays\n        if (this[i] instanceof Array && array[i] instanceof Array) {\n            // recurse into the nested arrays\n            if (!this[i].equals(array[i]))\n                return false;       \n        }           \n        else if (this[i] != array[i]) { \n            // Warning - two different object instances will never be equal: {x:20} != {x:20}\n            return false;   \n        }           \n    }       \n    return true;\n};\n// Hide method from for-in loops\nObject.defineProperty(Array.prototype, \"equals\", {enumerable: false});\n\n\nif($data.temp.categoriaSelected){\n    //console.log(\"categoría seleccionada - creado estructura de reglas\");\n    var structure = {\n        \"catId\": $data.temp.categoriaSelected.name,\n        \"lastModified\": new Date(),\n        \"restricciones\": [],\n        \"prioridades\": [],\n        \"ordenes\": []\n      };\n}\n\n\n// Controlador de carga de plantilla: setea $data.temp.usuariosCargadosLista\n\n\n// listado de usuarios disponibles \nif($data.usuariosEnCategoria && $data.usuariosEnCategoria.length > 0){\n    //si se carga desde plantilla\n    //console.log(\"regla cargada\");\n    if(($data.reglasCargadas && $data.reglasCargadas.length > 0) &&\n        (!$data.temp.reglasCargadasOld || !$data.reglasCargadas.equals($data.temp.reglasCargadasOld))){\n        $data.temp.reglasCargadasOld = $data.reglasCargadas;\n        var usuarioCargado = {};\n        $data.temp.usuariosCargadosLista = [];\n        \n        // añadimos el listado de usuarios cargados desde las reglas cargadas\n        $data.reglasCargadas.map(function(elem){\n            usuarioCargado.id = elem.userId;\n            usuarioCargado.name = elem.userName;\n            usuarioCargado.ticked = true;\n            $data.temp.usuariosCargadosLista.push(usuarioCargado);\n        });\n        \n        if(($data.temp.usuariosCargadosLista && $data.temp.usuariosCargadosLista.length > 0) &&\n            (!$data.temp.usuariosCargadosListaOld || !$data.temp.usuariosCargadosLista.equals($data.temp.usuariosCargadosListaOld))){\n            \n            $data.temp.usuariosCargadosListaOld = $data.temp.usuariosCargadosLista;\n            \n            // añadimos ticked = true a los usuarios cargados\n            $data.usuariosListado = $data.usuariosEnCategoria.map(function(userAPI){\n                $data.temp.usuariosCargadosLista.map(function(userCargado){\n                    if(userAPI.id == userCargado.id){\n                        userAPI.ticked = true;\n                    }else{\n                        userAPI.ticked = false;\n                    }\n                });\n            });\n            \n            //añadimos los usuarios cargados como selecionados\n            $data.usuariosSeleccionados = $data.temp.usuariosCargadosLista;\n            //añadimos las reglas cargadas\n            $data.ws_reglas_get = $data.reglasCargadas;\n                \n        }\n    }else{\n        // si no se carga desde plantilla\n        //console.log(\"usuarios desde ws\");\n        $data.usuariosListado = $data.usuariosEnCategoria;\n    }\n}\n\n\n\n\n// Controlador de reglas\nif(($data.usuariosSeleccionados && $data.usuariosSeleccionados.length > 0 && $data.ws_parametria)  && \n    (!$data.temp.usuariosSeleccionadosOld || !$data.usuariosSeleccionados.equals($data.temp.usuariosSeleccionadosOld) )){\n    //console.log(\"nuevo usuario seleccionado\");\n    $data.temp.usuariosSeleccionadosOld = $data.usuariosSeleccionados;\n    \n    //if($data.ws_reglas_get && $data.ws_reglas_get.length > 0){\n    if($data.ws_reglas_get){\n    \n        $data.reglasActuales = $data.usuariosSeleccionados.map(function(user){\n        \n            var reglas = $data.ws_reglas_get.filter(function(regla){\n                return regla.userId == user.id;\n            });\n            if(reglas.length === 0){\n                structure.userId = user.id;\n                structure.userName = user.name;\n                return new Array(angular.copy(structure));\n            }else{\n                structure.lastModified =  new Date();\n                return reglas;\n            }\n        }).concatAll();\n        //console.log(\"tras concat: \",  $data.reglasActuales);\n    }\n}\n\nif($data.usuariosSeleccionados && $data.usuariosSeleccionados.length === 0){\n    //console.log(\"sin usuarios seleccionados - ocultando reglas\");\n    $data.reglasActuales = [];\n}\n\nif($data.reglasCargadas && $data.reglasCargadas.length > 0){\n    $data.temp.modal = [];\n    $data.reglasCargadas = [];\n    $data.temp.toaster.push({\n        \"text\":\"Reglas cargadas desde plantilla \",\n        \"title\":\"Restauración desde plantilla\",\n        \"type\":\"success\"\n    });\n    $data.temp.plantilla = [];\n}\n\nif($data.temp.modal && $data.temp.modal.length > 1){\n    $data.temp.modal = [];\n    $data.temp.plantilla = [];\n}\nif($data.temp.plantilla && $data.temp.plantilla.length > 0 ){\n    $data.temp.modal = [1];\n}\n\n// añadir toaster al guardar a plantilla\nif($data.msg){\n    $data.temp.toaster.push({\n        \"text\": $data.msg,\n        \"title\":\"Respuesta del servidor\",\n        \"type\":\"success\"\n    });\n}",
      "exposed" : false
    },
    "msg" : {
      "type" : "constant",
      "exposed" : false
    },
    "Acontroler" : {
      "type" : "expression",
      "value" : "if($data.msg && $data.msg.caseId !== null){\n   // alert(\"Las reglas se han guardado\");\n    $data.temp.userSelected = undefined;\n    $data.msg = undefined;\n}",
      "exposed" : false
    },
    "categorias" : {
      "type" : "url",
      "value" : "../API/bpm/category?p=0&c=20",
      "exposed" : false
    },
    "usuariosEnCategoria" : {
      "type" : "url",
      "value" : "../API/extension/userListByProcessCategory?categoryId={{temp.categoriaSelected.id}}&p=0&c=100&s={{formInput.userFilter}}",
      "exposed" : false
    },
    "parametria" : {
      "type" : "json",
      "value" : "{\r\n\t\"catId\": \"102\",\r\n\t\"campos\":[\r\n\t\t{\r\n\t\t\t\"nombre\":\"Monto\",\r\n\t\t\t\"condicion\":[\r\n\t\t\t\t{\r\n\t\t\t\t\t\"key\":\">=\",\r\n\t\t\t\t\t\"value\":\"mayorIgualQue\"\r\n\t\t\t\t},\r\n\t\t\t\t{\r\n\t\t\t\t\t\"key\":\"<=\",\r\n\t\t\t\t\t\"value\":\"menorIgualQue\"\r\n\t\t\t\t},\r\n\t\t\t\t{\r\n\t\t\t\t\t\"key\":\"=\",\r\n\t\t\t\t\t\"value\":\"igual\"\r\n\t\t\t\t},\r\n\t\t\t\t{\r\n\t\t\t\t\t\"key\":\"BETWEEN\",\r\n\t\t\t\t\t\"value\":\"entre\"\r\n\t\t\t\t}\r\n\r\n\t\t\t],\r\n\t\t\t\"tipoValor\":\"numerico\",\r\n\t\t\t\"valorReferencia\": \"\"\r\n\t\t},\r\n\t\t{\r\n\t\t\t\"nombre\":\"Producto\",\r\n\t\t\t\"condicion\":[\r\n\t\t\t\t{\r\n\t\t\t\t\t\"key\":\"=\",\r\n\t\t\t\t\t\"value\":\"igual\"\r\n\t\t\t\t},\r\n\t\t\t\t{\r\n\t\t\t\t\t\"key\":\"!=\",\r\n\t\t\t\t\t\"value\":\"distinto\"\r\n\t\t\t\t},\r\n\t\t\t\t{\r\n\t\t\t\t\t\"key\":\"IN\",\r\n\t\t\t\t\t\"value\":\"dentro de\"\r\n\t\t\t\t}\r\n\t\t\t],\r\n\t\t\t\"tipoValor\":\"seleccion\",\r\n\t\t\t\"valorReferencia\":[\r\n\t\t\t\t{\r\n\t\t\t\t\t\"key\":\"Vehiculo\",\r\n\t\t\t\t\t\"value\":\"vehiculo\"\r\n\t\t\t\t},\r\n\t\t\t\t{\r\n\t\t\t\t\t\"key\":\"Libranzas\",\r\n\t\t\t\t\t\"value\":\"libranzas\"\r\n\t\t\t\t}\r\n\t\t\t]\r\n\t\t},\r\n\t\t{\r\n\t\t\t\"nombre\":\"TechnoIndividual\",\r\n\t\t\t\"condicion\":[\r\n\t\t\t\t{\r\n\t\t\t\t\t\"key\":\">=\",\r\n\t\t\t\t\t\"value\":\"mayorIgualQue\"\r\n\t\t\t\t},\r\n\t\t\t\t{\r\n\t\t\t\t\t\"key\":\"<=\",\r\n\t\t\t\t\t\"value\":\"menorIgualQue\"\r\n\t\t\t\t},\r\n\t\t\t\t{\r\n\t\t\t\t\t\"key\":\"=\",\r\n\t\t\t\t\t\"value\":\"igual\"\r\n\t\t\t\t},\r\n\t\t\t\t{\r\n\t\t\t\t\t\"key\":\"BETWEEN\",\r\n\t\t\t\t\t\"value\":\"entre\"\r\n\t\t\t\t}\r\n\r\n\t\t\t],\r\n\t\t\t\"tipoValor\":\"numerico\",\r\n\t\t\t\"valorReferencia\": \"\"\r\n\t\t},\r\n\t\t{\r\n\t\t\t\"nombre\":\"TechoGlobal\",\r\n\t\t\t\"condicion\":[\r\n\t\t\t\t{\r\n\t\t\t\t\t\"key\":\">=\",\r\n\t\t\t\t\t\"value\":\"mayorIgualQue\"\r\n\t\t\t\t},\r\n\t\t\t\t{\r\n\t\t\t\t\t\"key\":\"<=\",\r\n\t\t\t\t\t\"value\":\"menorIgualQue\"\r\n\t\t\t\t},\r\n\t\t\t\t{\r\n\t\t\t\t\t\"key\":\"=\",\r\n\t\t\t\t\t\"value\":\"igual\"\r\n\t\t\t\t},\r\n\t\t\t\t{\r\n\t\t\t\t\t\"key\":\"BETWEEN\",\r\n\t\t\t\t\t\"value\":\"entre\"\r\n\t\t\t\t}\r\n\r\n\t\t\t],\r\n\t\t\t\"tipoValor\":\"numerico\",\r\n\t\t\t\"valorReferencia\": \"\"\r\n\t\t},\r\n\t\t{\r\n\t\t\t\"nombre\":\"FuerzaVenta\",\r\n\t\t\t\"condicion\":[\r\n\t\t\t\t{\r\n\t\t\t\t\t\"key\":\">=\",\r\n\t\t\t\t\t\"value\":\"mayorIgualQue\"\r\n\t\t\t\t},\r\n\t\t\t\t{\r\n\t\t\t\t\t\"key\":\"<=\",\r\n\t\t\t\t\t\"value\":\"menorIgualQue\"\r\n\t\t\t\t},\r\n\t\t\t\t{\r\n\t\t\t\t\t\"key\":\"=\",\r\n\t\t\t\t\t\"value\":\"igual\"\r\n\t\t\t\t},\r\n\t\t\t\t{\r\n\t\t\t\t\t\"key\":\"BETWEEN\",\r\n\t\t\t\t\t\"value\":\"entre\"\r\n\t\t\t\t}\r\n\r\n\t\t\t],\r\n\t\t\t\"tipoValor\":\"numerico\",\r\n\t\t\t\"valorReferencia\": \"\"\r\n\t\t},\r\n\t\t{\r\n\t\t\t\"nombre\":\"TipoCliente\",\r\n\t\t\t\"condicion\":[\r\n\t\t\t\t{\r\n\t\t\t\t\t\"key\":\"=\",\r\n\t\t\t\t\t\"value\":\"igual\"\r\n\t\t\t\t},\r\n\t\t\t\t{\r\n\t\t\t\t\t\"key\":\"!=\",\r\n\t\t\t\t\t\"value\":\"distinto\"\r\n\t\t\t\t},\r\n\t\t\t\t{\r\n\t\t\t\t\t\"key\":\"IN\",\r\n\t\t\t\t\t\"value\":\"dentro de\"\r\n\t\t\t\t}\r\n\t\t\t],\r\n\t\t\t\"tipoValor\":\"seleccion\",\r\n\t\t\t\"valorReferencia\":[\r\n\t\t\t\t{\r\n\t\t\t\t\t\"key\":\"VIP\",\r\n\t\t\t\t\t\"value\":\"vip\"\r\n\t\t\t\t},\r\n\t\t\t\t{\r\n\t\t\t\t\t\"key\":\"Especial\",\r\n\t\t\t\t\t\"value\":\"especial\"\r\n\t\t\t\t}\r\n\t\t\t]\r\n\t\t},\r\n\t\t{\r\n\t\t\t\"nombre\":\"NombreConvenio\",\r\n\t\t\t\"condicion\":[\r\n\t\t\t\t{\r\n\t\t\t\t\t\"key\":\"=\",\r\n\t\t\t\t\t\"value\":\"igual\"\r\n\t\t\t\t},\r\n\t\t\t\t{\r\n\t\t\t\t\t\"key\":\"!=\",\r\n\t\t\t\t\t\"value\":\"distinto\"\r\n\t\t\t\t},\r\n\t\t\t\t{\r\n\t\t\t\t\t\"key\":\"IN\",\r\n\t\t\t\t\t\"value\":\"dentro de\"\r\n\t\t\t\t}\r\n\t\t\t],\r\n\t\t\t\"tipoValor\":\"seleccion\",\r\n\t\t\t\"valorReferencia\":[\r\n\t\t\t\t{\r\n\t\t\t\t\t\"key\":\"Accionistas\",\r\n\t\t\t\t\t\"value\":\"accionistas\"\r\n\t\t\t\t},\r\n\t\t\t\t{\r\n\t\t\t\t\t\"key\":\"Trabajadores\",\r\n\t\t\t\t\t\"value\":\"trabajadores\"\r\n\t\t\t\t}\r\n\t\t\t]\r\n\t\t}\r\n\t]\r\n}",
      "exposed" : false
    },
    "reglasListado" : {
      "type" : "json",
      "value" : "[]",
      "exposed" : false
    },
    "usuariosSeleccionados" : {
      "type" : "json",
      "value" : "[]",
      "exposed" : false
    },
    "JSONstructure" : {
      "type" : "json",
      "value" : "{\r\n    \"restricciones\": [],\r\n    \"prioridades\": [],\r\n    \"ordenes\": []\r\n}\r\n",
      "exposed" : false
    },
    "ws_parametria" : {
      "type" : "url",
      "value" : "{{url_servicios}}parametria/{{temp.categoriaSelected.name}}",
      "exposed" : false
    },
    "ws_reglas_get" : {
      "type" : "url",
      "value" : "{{url_servicios}}reglas/{{temp.categoriaSelected.name}}",
      "exposed" : false
    },
    "reglasActuales" : {
      "type" : "json",
      "value" : "[]",
      "exposed" : false
    },
    "reglasCargadas" : {
      "type" : "json",
      "value" : "[]",
      "exposed" : false
    },
    "usuariosListado" : {
      "type" : "json",
      "value" : "[]",
      "exposed" : false
    },
    "url_servicios" : {
      "type" : "constant",
      "value" : "https://bbvabonitades.co.igrupobbva:18443/AsignadorREST-1.0/services/",
      "exposed" : false
    },
    "acciones" : {
      "type" : "json",
      "value" : "{\n    \"guardar\":{\"accion\":\"guardar\"},\n    \"restaurar\":{\"accion\":\"restaurar\"}\n    \n}",
      "exposed" : false
    },
    "formInput" : {
      "type" : "json",
      "value" : "{\"userFilter\":null}",
      "exposed" : false
    },
    "filterUsuariosSeleccionados" : {
      "type" : "expression",
      "value" : "var exist = false ; \n$data.usuariosSeleccionados =[];\nfor(var i = 0 ; i< $data.usuariosListado.length ; i++){\n    console.log($data.usuariosListado[i]); \n    \n    if($data.usuariosListado[i].name == $data.formInput.userFilter){\n        $data.usuariosSeleccionados.push($data.usuariosListado[i]);\n    }\n}\n\nreturn true; ",
      "exposed" : false
    }
  },
  "uuid" : "b7d33b85-b6cb-4c4a-b703-ca5cdf605773",
  "type" : "page"
}