{
  "designerVersion" : "1.4.34",
  "id" : "customFormIframe",
  "name" : "formIframe",
  "lastUpdate" : 1532827434961,
  "template" : "<!-- The custom widget template is defined here\n   - You can use standard HTML tags and AngularJS built-in directives, scope and interpolation system\n   - Custom widget properties defined on the right can be used as variables in a templates with properties.newProperty\n   - Functions exposed in the controller can be used with ctrl.newFunction()\n   - You can use the 'environment' property injected in the scope when inside the Editor whiteboard. It allows to define a mockup\n     of the Custom Widget to be displayed in the whiteboard only. By default the widget is represented by an auto-generated icon\n     and its name (See the <span> below).\n-->\n \n<div id=\"divFrame\" class=\"embed-responsive embed-responsive-16by9\">\n    <iframe id=\"aiFrame\" src=\"{{ properties.value }}\" scrolling=\"yes\" frameborder=\"0\" onLoad=\"resizeIframe('aiFrame','divFrame');\"></iframe>\n    <!--<iframe class=\"embed-responsive-item\" src=\"{{ properties.value }}\" ></iframe>-->\n</div>\n\n",
  "controller" : "/**\n * The controller is a JavaScript function that augments the AngularJS scope and exposes functions that can be used in the custom widget template\n * \n * Custom widget properties defined on the right can be used as variables in a controller with $scope.properties\n * To use AngularJS standard services, you must declare them in the main function arguments.\n * \n * You can leave the controller empty if you do not need it.\n */\nfunction ($scope, $window) { \n    \n    window.resizeIframe=function(iframeID, divID){\n        \n        var container = document.getElementById(divID);\n        var ifrm = document.getElementById(iframeID);\n        \n        var doc = ifrm.contentDocument? ifrm.contentDocument: \n        ifrm.contentWindow.document;\n        //ifrm.style.visibility = 'hidden';\n        ifrm.style.height = \"10px\";\n        \n        doc = doc || document;\n        var body = doc.body, html = doc.documentElement;\n        var height = Math.max( body.scrollHeight, body.offsetHeight, \n        html.clientHeight, html.scrollHeight, html.offsetHeight );\n        \n        ifrm.style.height = height + 7 + \"px\";\n        //ifrm.style.visibility = 'visible';\n        \n        container.style.height = ifrm.style.height;\n        \n        \n        //\"aiFrame\" y \"divFrame\" son los ids de los elementos del iframe y el div que lo contiene respectivamente\n       // doc.addEventListener('click', function(event) {            resizeIframe('aiFrame','divFrame');        });\n    }\n  \n}",
  "custom" : true,
  "properties" : [ {
    "label" : "Value",
    "name" : "value",
    "type" : "text",
    "defaultValue" : "This is the initial value",
    "bond" : "expression"
  } ],
  "assets" : [ ],
  "requiredModules" : [ ],
  "type" : "widget",
  "hasHelp" : false
}