{"designerVersion":"1.4.34","id":"6947b2c2-4392-4a00-b33c-3276431160d8","name":"fragCasos","type":"fragment","lastUpdate":1508490924451,"rows":[[{"type":"container","dimension":{"xs":12,"sm":12,"md":6,"lg":6},"propertyValues":{"cssClasses":{"type":"constant","value":""},"hidden":{"type":"constant","value":false},"repeatedCollection":{"type":"variable","value":"exp_keys"}},"reference":"9340f8c0-5bbb-4a13-8515-a4f5b31f3b66","rows":[[{"type":"component","dimension":{"xs":12,"sm":12,"md":12,"lg":12},"propertyValues":{"cssClasses":{"type":"constant","value":""},"hidden":{"type":"constant","value":false},"required":{"type":"constant","value":false},"minLength":{"type":"constant","value":""},"maxLength":{"type":"constant","value":""},"readOnly":{"type":"constant","value":true},"labelHidden":{"type":"constant","value":false},"label":{"type":"interpolation","value":"{{$item[0]}}"},"labelPosition":{"type":"constant","value":"left"},"labelWidth":{"type":"constant","value":4},"placeholder":{"type":"interpolation"},"value":{"type":"variable","value":"$item[1]"},"type":{"type":"constant","value":"text"},"min":{"type":"constant"},"max":{"type":"constant"},"step":{"type":"constant","value":1}},"reference":"3565b8b4-2456-4d15-aeb4-f538d25f2ecb","id":"pbInput"}]]}]],"assets":[],"inactiveAssets":[],"data":{"item":{"type":"constant","exposed":true},"exp_keys":{"type":"expression","value":"var out = Object.keys($data.item).map(function(data){\r\n    if(!data.startsWith('$')){\r\n        return [data,$data.item[data]];\r\n    }else{\r\n        return undefined;\r\n    }\r\n});\r\n//Para eliminar los indefinidos\r\nout = out.filter(function(n){ return n !== undefined }); \r\n\r\nreturn out;","exposed":false}}}