{"designerVersion":"1.4.34","id":"da248f7c-1559-4a34-885a-5bd138424793","name":"AsignadorDeTareasv84","type":"page","lastUpdate":1507909666177,"rows":[[{"type":"component","dimension":{"xs":12,"sm":12,"md":12,"lg":12},"propertyValues":{"cssClasses":{"type":"constant","value":""},"hidden":{"type":"constant","value":false},"text":{"type":"interpolation","value":"Gestor de reglas"},"level":{"type":"constant","value":"Level 2"},"alignment":{"type":"constant","value":"left"}},"reference":"4bb66316-e9f5-42c7-8d1e-b875467a0ef7","id":"pbTitle"}],[{"type":"container","dimension":{"xs":12,"sm":12,"md":12,"lg":12},"propertyValues":{"cssClasses":{"type":"constant","value":"alert seccion"},"hidden":{"type":"constant","value":false},"repeatedCollection":{"type":"variable"}},"reference":"3214d438-0072-4094-8fa1-8905c27d7154","rows":[[{"type":"component","dimension":{"xs":12,"sm":3,"md":3,"lg":3},"propertyValues":{"cssClasses":{"type":"constant","value":""},"hidden":{"type":"constant","value":false},"disabled":{"type":"constant","value":false},"required":{"type":"constant","value":false},"labelHidden":{"type":"constant","value":false},"label":{"type":"interpolation","value":"Categoría"},"labelPosition":{"type":"constant","value":"top"},"labelWidth":{"type":"constant","value":4},"placeholder":{"type":"interpolation","value":"Seleccione categoría de proceso"},"availableValues":{"type":"expression","value":"categorias"},"displayedKey":{"type":"constant","value":"name"},"returnedKey":{"type":"constant","value":""},"value":{"type":"variable","value":"temp.categoriaSelected"}},"reference":"1dc85f30-70b9-42fa-9304-6a0dd8e46f52","id":"pbSelect"},{"type":"component","dimension":{"xs":12,"sm":12,"md":3,"lg":3},"propertyValues":{"cssClasses":{"type":"constant","value":""},"hidden":{"type":"expression","value":"!temp.categoriaSelected"},"value":{"type":"variable","value":"usuariosSeleccionados"},"availableValues":{"type":"expression","value":"usuariosEnCategoria"},"buttonLabel":{"type":"constant","value":"name"},"itemLabel":{"type":"constant","value":"name"},"outputProperties":{"type":"constant","value":"name id"},"labelHidden":{"type":"constant","value":false},"required":{"type":"constant","value":false},"labelPosition":{"type":"constant","value":"top"},"label":{"type":"constant","value":"Usuarios"},"labelWidth":{"type":"constant","value":4}},"reference":"afc06b5a-d688-4d88-85c5-e4bcc7ffc645","id":"customMultiSelection"},{"type":"component","dimension":{"xs":12,"sm":12,"md":3,"lg":3},"propertyValues":{"cssClasses":{"type":"constant","value":"bt-primario font"},"hidden":{"type":"constant","value":false},"disabled":{"type":"constant","value":true},"label":{"type":"interpolation","value":"Cargar plantilla"},"alignment":{"type":"constant","value":"right"},"buttonStyle":{"type":"constant","value":"default"},"action":{"type":"constant","value":"Submit task"},"url":{"type":"interpolation"},"dataToSend":{"type":"constant"},"dataFromSuccess":{"type":"variable"},"dataFromError":{"type":"variable"},"targetUrlOnSuccess":{"type":"interpolation"},"collectionToModify":{"type":"variable"},"collectionPosition":{"type":"constant","value":"Last"},"valueToAdd":{"type":"constant"},"removeItem":{"type":"variable"}},"reference":"a1591b81-b433-4b83-acd2-d26bd82786a7","id":"pbButton"},{"type":"component","dimension":{"xs":12,"sm":12,"md":3,"lg":3},"propertyValues":{"cssClasses":{"type":"constant","value":"bt-primario-inv font"},"hidden":{"type":"constant","value":false},"disabled":{"type":"constant","value":false},"label":{"type":"interpolation","value":"Guardar reglas en plantilla"},"alignment":{"type":"constant","value":"right"},"buttonStyle":{"type":"constant","value":"default"},"action":{"type":"constant","value":"Submit task"},"url":{"type":"interpolation"},"dataToSend":{"type":"constant"},"dataFromSuccess":{"type":"variable"},"dataFromError":{"type":"variable"},"targetUrlOnSuccess":{"type":"interpolation"},"collectionToModify":{"type":"variable"},"collectionPosition":{"type":"constant","value":"Last"},"valueToAdd":{"type":"constant"},"removeItem":{"type":"variable"}},"reference":"69181a90-6201-4704-b4cd-522bf7594ae1","id":"pbButton"}]]}],[{"type":"container","dimension":{"xs":12,"sm":12,"md":12,"lg":12},"propertyValues":{"cssClasses":{"type":"constant","value":""},"hidden":{"type":"expression","value":"!usuariosSeleccionados"},"repeatedCollection":{"type":"variable","value":"reglasActuales"}},"reference":"336a2907-616c-498f-a407-002faa06b266","rows":[[{"type":"component","dimension":{"xs":12,"sm":12,"md":12,"lg":12},"propertyValues":{"cssClasses":{"type":"constant","value":""},"hidden":{"type":"constant","value":false},"text":{"type":"interpolation","value":"Reglas aplicadas para {{$item.userName}}"},"level":{"type":"constant","value":"Level 3"},"alignment":{"type":"constant","value":"left"}},"reference":"4e608f5e-a1bc-47dc-b8de-0f5a2b296828","id":"pbTitle"}],[{"type":"component","dimension":{"xs":12,"sm":12,"md":6,"lg":6},"propertyValues":{"cssClasses":{"type":"constant","value":""},"hidden":{"type":"constant","value":false},"text":{"type":"interpolation","value":"temp<pre>{{temp | json}}</pre>\nreglasActuales <pre>{{reglasActuales | json}}</pre>\n$item<pre>{{$item | json}}</pre>"},"alignment":{"type":"constant","value":"left"}},"reference":"94d0ffe9-7c08-4ac4-96ca-924c38b8b992","id":"pbText"},{"type":"component","dimension":{"xs":12,"sm":12,"md":6,"lg":6},"propertyValues":{"cssClasses":{"type":"constant","value":""},"hidden":{"type":"constant","value":false},"text":{"type":"interpolation","value":"usuariosSeleccionados <pre>{{usuariosSeleccionados | json}}</pre>\nws_reglas_get <pre>{{ws_reglas_get | json}}</pre>\n$item.restricciones <pre>{{$item.restricciones | json}}</pre>"},"alignment":{"type":"constant","value":"left"}},"reference":"b7eccad3-85bc-43d0-87d8-6f97a4765163","id":"pbText"}],[{"type":"container","dimension":{"xs":12,"sm":12,"md":12,"lg":12},"propertyValues":{"cssClasses":{"type":"constant","value":""},"hidden":{"type":"constant","value":false},"repeatedCollection":{"type":"variable","value":""}},"reference":"eca14cfc-e40d-44bd-8573-0305f59582c5","rows":[[{"type":"formContainer","dimension":{"xs":12,"sm":12,"md":12,"lg":12},"propertyValues":{"cssClasses":{"type":"constant","value":""},"hidden":{"type":"constant","value":false}},"reference":"e024195c-02a5-457a-846b-72d1449bf701","container":{"type":"container","dimension":{"xs":12},"propertyValues":{},"reference":"18abad10-4038-4e41-94db-1bdf65491762","rows":[[{"type":"container","dimension":{"xs":12,"sm":12,"md":12,"lg":12},"propertyValues":{"cssClasses":{"type":"constant","value":""},"hidden":{"type":"constant","value":false},"repeatedCollection":{"type":"variable"}},"reference":"117eac66-c29b-4030-ae0e-9d01767a525d","rows":[[{"type":"component","dimension":{"xs":12,"sm":12,"md":12,"lg":12},"propertyValues":{"cssClasses":{"type":"constant","value":"encabezado"},"hidden":{"type":"constant","value":false},"text":{"type":"interpolation","value":"Restricciones"},"level":{"type":"constant","value":"Level 3"},"alignment":{"type":"constant","value":"left"}},"reference":"82193932-6437-4b98-b120-9530a49f4a7d","id":"pbTitle"}],[{"type":"container","dimension":{"xs":12,"sm":12,"md":12,"lg":12},"propertyValues":{"cssClasses":{"type":"constant","value":""},"hidden":{"type":"constant","value":false},"repeatedCollection":{"type":"variable","value":"$item.restricciones"}},"reference":"8e1412f7-8b1d-4127-806d-119a50e56272","rows":[[{"type":"fragment","dimension":{"xs":12,"sm":12,"md":10,"lg":10},"propertyValues":{"cssClasses":{"type":"constant","value":""},"hidden":{"type":"constant","value":false}},"reference":"ed29aa94-7294-4b63-a2a0-8d7b4d286825","id":"68effc3b-26b6-4380-90dd-586749ba00ae","binding":{"parametria":"ws_parametria","restriccion":"$item","item":"$item"}},{"type":"component","dimension":{"xs":12,"sm":12,"md":2,"lg":2},"propertyValues":{"cssClasses":{"type":"constant","value":"bt-terciario font"},"hidden":{"type":"constant","value":false},"disabled":{"type":"constant","value":false},"label":{"type":"interpolation","value":"Eliminar"},"alignment":{"type":"constant","value":"right"},"buttonStyle":{"type":"constant","value":"danger"},"action":{"type":"constant","value":"Remove from collection"},"url":{"type":"interpolation"},"dataToSend":{"type":"constant"},"dataFromSuccess":{"type":"variable"},"dataFromError":{"type":"variable"},"targetUrlOnSuccess":{"type":"interpolation"},"collectionToModify":{"type":"variable","value":"$collection"},"collectionPosition":{"type":"constant","value":"Item"},"valueToAdd":{"type":"constant"},"removeItem":{"type":"variable","value":"$item"}},"reference":"a2552b5a-eea1-4dfc-894b-7c600adc2228","id":"pbButton"}]]}],[{"type":"component","dimension":{"xs":12,"sm":12,"md":12,"lg":12},"propertyValues":{"cssClasses":{"type":"constant","value":"alert bt-secundario font"},"hidden":{"type":"constant","value":false},"disabled":{"type":"constant","value":false},"label":{"type":"interpolation","value":"Añadir restricción"},"alignment":{"type":"constant","value":"right"},"buttonStyle":{"type":"constant","value":"success"},"action":{"type":"constant","value":"Add to collection"},"url":{"type":"interpolation"},"dataToSend":{"type":"constant"},"dataFromSuccess":{"type":"variable"},"dataFromError":{"type":"variable"},"targetUrlOnSuccess":{"type":"interpolation"},"collectionToModify":{"type":"variable","value":"$item.restricciones"},"collectionPosition":{"type":"constant","value":"Last"},"valueToAdd":{"type":"constant"},"removeItem":{"type":"variable"}},"reference":"a34600e2-d1e1-4559-869e-0a586e01223b","id":"pbButton"}]]}],[{"type":"container","dimension":{"xs":12,"sm":12,"md":12,"lg":12},"propertyValues":{"cssClasses":{"type":"constant","value":""},"hidden":{"type":"constant","value":false},"repeatedCollection":{"type":"variable"}},"reference":"f2ccaec8-06f0-40eb-877e-a4f6f267857d","rows":[[{"type":"component","dimension":{"xs":12,"sm":12,"md":12,"lg":12},"propertyValues":{"cssClasses":{"type":"constant","value":"encabezado"},"hidden":{"type":"constant","value":false},"text":{"type":"interpolation","value":"Prioridades"},"level":{"type":"constant","value":"Level 3"},"alignment":{"type":"constant","value":"left"}},"reference":"8f62ae91-edc5-47b1-aa0a-5fa58a248f2f","id":"pbTitle"}],[{"type":"container","dimension":{"xs":12,"sm":12,"md":12,"lg":12},"propertyValues":{"cssClasses":{"type":"constant","value":""},"hidden":{"type":"constant","value":false},"repeatedCollection":{"type":"variable","value":"$item.prioridades"}},"reference":"db8c3d38-6f5e-432d-ab1d-f5549e0caa69","rows":[[{"type":"fragment","dimension":{"xs":12,"sm":12,"md":10,"lg":10},"propertyValues":{"cssClasses":{"type":"constant","value":""},"hidden":{"type":"constant","value":false}},"reference":"733e613f-506f-406d-b274-74d7d5329556","id":"59e291c7-022a-43e1-bccf-db31973a6e66","binding":{"parametria":"ws_parametria","item":"$item"}},{"type":"container","dimension":{"xs":12,"sm":12,"md":2,"lg":2},"propertyValues":{"cssClasses":{"type":"constant","value":""},"hidden":{"type":"constant","value":false},"repeatedCollection":{"type":"variable"}},"reference":"487543db-6e5a-4f08-88a0-c1319bb43234","rows":[[{"type":"component","dimension":{"xs":12,"sm":12,"md":12,"lg":12},"propertyValues":{"cssClasses":{"type":"constant","value":"bt-terciario font"},"hidden":{"type":"constant","value":false},"disabled":{"type":"constant","value":false},"label":{"type":"interpolation","value":"Eliminar"},"alignment":{"type":"constant","value":"right"},"buttonStyle":{"type":"constant","value":"danger"},"action":{"type":"constant","value":"Remove from collection"},"url":{"type":"interpolation"},"dataToSend":{"type":"constant"},"dataFromSuccess":{"type":"variable"},"dataFromError":{"type":"variable"},"targetUrlOnSuccess":{"type":"interpolation"},"collectionToModify":{"type":"variable","value":"$collection"},"collectionPosition":{"type":"constant","value":"Item"},"valueToAdd":{"type":"constant"},"removeItem":{"type":"variable","value":"$item"}},"reference":"bd98feb9-6ac8-44f6-bc6d-32233c05b91a","id":"pbButton"}]]}]]}],[{"type":"component","dimension":{"xs":12,"sm":12,"md":12,"lg":12},"propertyValues":{"cssClasses":{"type":"constant","value":"alert bt-secundario font"},"hidden":{"type":"constant","value":false},"disabled":{"type":"constant","value":false},"label":{"type":"interpolation","value":"Añadir prioridad"},"alignment":{"type":"constant","value":"right"},"buttonStyle":{"type":"constant","value":"warning"},"action":{"type":"constant","value":"Add to collection"},"url":{"type":"interpolation"},"dataToSend":{"type":"constant"},"dataFromSuccess":{"type":"variable"},"dataFromError":{"type":"variable"},"targetUrlOnSuccess":{"type":"interpolation"},"collectionToModify":{"type":"variable","value":"$item.prioridades"},"collectionPosition":{"type":"constant","value":"Last"},"valueToAdd":{"type":"constant","value":""},"removeItem":{"type":"variable"}},"reference":"333612a1-aedd-4656-ad56-2c069b1ded99","id":"pbButton"}]]}],[{"type":"container","dimension":{"xs":12,"sm":12,"md":12,"lg":12},"propertyValues":{"cssClasses":{"type":"constant","value":""},"hidden":{"type":"constant","value":false},"repeatedCollection":{"type":"variable"}},"reference":"13b58b1e-647d-4df1-b36e-132ad5f5f734","rows":[[{"type":"component","dimension":{"xs":12,"sm":12,"md":12,"lg":12},"propertyValues":{"cssClasses":{"type":"constant","value":"encabezado"},"hidden":{"type":"constant","value":false},"text":{"type":"interpolation","value":"Órdenes"},"level":{"type":"constant","value":"Level 3"},"alignment":{"type":"constant","value":"left"}},"reference":"205c09d4-3da6-45f6-9051-f7d171f63979","id":"pbTitle"}],[{"type":"container","dimension":{"xs":12,"sm":12,"md":12,"lg":12},"propertyValues":{"cssClasses":{"type":"constant","value":""},"hidden":{"type":"constant","value":false},"repeatedCollection":{"type":"variable","value":"$item.ordenes"}},"reference":"3e9159f1-7493-47b2-8ecf-183a7c9344e2","rows":[[{"type":"component","dimension":{"xs":12,"sm":12,"md":3,"lg":3},"propertyValues":{"cssClasses":{"type":"constant","value":""},"hidden":{"type":"constant","value":false},"disabled":{"type":"constant","value":false},"required":{"type":"constant","value":true},"labelHidden":{"type":"constant","value":true},"label":{"type":"interpolation","value":"Orden"},"labelPosition":{"type":"constant","value":"top"},"labelWidth":{"type":"constant","value":4},"placeholder":{"type":"interpolation","value":"Orden"},"availableValues":{"type":"expression","value":"ws_parametria.campos"},"displayedKey":{"type":"constant","value":"nombre"},"returnedKey":{"type":"constant","value":"nombre"},"value":{"type":"variable","value":"$item.nombre"}},"reference":"99929f2f-e5a4-4f5f-bfab-f243703b1e62","id":"pbSelect"},{"type":"component","dimension":{"xs":12,"sm":12,"md":2,"lg":2},"propertyValues":{"cssClasses":{"type":"constant","value":""},"hidden":{"type":"constant","value":false},"disabled":{"type":"constant","value":false},"required":{"type":"constant","value":true},"labelHidden":{"type":"constant","value":true},"label":{"type":"interpolation","value":"Criterio"},"labelPosition":{"type":"constant","value":"top"},"labelWidth":{"type":"constant","value":4},"placeholder":{"type":"interpolation","value":"Criterio"},"availableValues":{"type":"constant","value":["ASC","DESC"]},"displayedKey":{"type":"constant"},"returnedKey":{"type":"constant"},"value":{"type":"variable","value":"$item.criterio"}},"reference":"bcb379f2-7afd-406c-8d5b-001e292d4918","id":"pbSelect"},{"type":"component","dimension":{"xs":12,"sm":12,"md":7,"lg":7},"propertyValues":{"cssClasses":{"type":"constant","value":"bt-terciario font"},"hidden":{"type":"constant","value":false},"disabled":{"type":"constant","value":false},"label":{"type":"interpolation","value":"Eliminar"},"alignment":{"type":"constant","value":"right"},"buttonStyle":{"type":"constant","value":"danger"},"action":{"type":"constant","value":"Remove from collection"},"url":{"type":"interpolation"},"dataToSend":{"type":"constant","value":"temp"},"dataFromSuccess":{"type":"variable"},"dataFromError":{"type":"variable"},"targetUrlOnSuccess":{"type":"interpolation"},"collectionToModify":{"type":"variable","value":"$collection"},"collectionPosition":{"type":"constant","value":"Item"},"valueToAdd":{"type":"constant"},"removeItem":{"type":"variable","value":"$item"}},"reference":"80aedb99-b863-4c69-aeff-9da73c857152","id":"pbButton"}]]}],[{"type":"component","dimension":{"xs":12,"sm":12,"md":12,"lg":12},"propertyValues":{"cssClasses":{"type":"constant","value":"alert bt-secundario font"},"hidden":{"type":"constant","value":false},"disabled":{"type":"constant","value":false},"label":{"type":"interpolation","value":"Añadir orden"},"alignment":{"type":"constant","value":"right"},"buttonStyle":{"type":"constant","value":"success"},"action":{"type":"constant","value":"Add to collection"},"url":{"type":"interpolation"},"dataToSend":{"type":"constant"},"dataFromSuccess":{"type":"variable"},"dataFromError":{"type":"variable"},"targetUrlOnSuccess":{"type":"interpolation"},"collectionToModify":{"type":"variable","value":"$item.ordenes"},"collectionPosition":{"type":"constant","value":"Last"},"valueToAdd":{"type":"constant"},"removeItem":{"type":"variable"}},"reference":"8e3b85cf-4784-49f7-b69d-488023d7caa7","id":"pbButton"}]]}],[{"type":"component","dimension":{"xs":12,"sm":12,"md":12,"lg":12},"propertyValues":{"cssClasses":{"type":"constant","value":"bt-primario font"},"hidden":{"type":"constant","value":false},"disabled":{"type":"expression","value":"$form.$invalid"},"label":{"type":"interpolation","value":"Aplicar regla"},"alignment":{"type":"constant","value":"center"},"buttonStyle":{"type":"constant","value":"info"},"action":{"type":"constant","value":"POST"},"url":{"type":"interpolation","value":"../API/bpm/process/{{guardarReglas[0].id}}/instantiation"},"dataToSend":{"type":"expression","value":"regla"},"dataFromSuccess":{"type":"variable","value":"msg"},"dataFromError":{"type":"variable","value":"msg"},"targetUrlOnSuccess":{"type":"interpolation"},"collectionToModify":{"type":"variable"},"collectionPosition":{"type":"constant","value":"Last"},"valueToAdd":{"type":"constant"},"removeItem":{"type":"variable"}},"reference":"7fd98674-8376-4bb4-ba56-8f300f80b942","id":"pbButton"}],[{"type":"component","dimension":{"xs":12,"sm":12,"md":12,"lg":12},"propertyValues":{"cssClasses":{"type":"constant","value":""},"hidden":{"type":"expression","value":"!msg"},"text":{"type":"interpolation","value":"{{msg}}"},"alignment":{"type":"constant","value":"left"}},"reference":"9995b994-8c1c-4c90-a33e-84c4d555259f","id":"pbText"}]]}}]]}]]}],[{"type":"container","dimension":{"xs":12,"sm":12,"md":12,"lg":12},"propertyValues":{"cssClasses":{"type":"constant","value":""},"hidden":{"type":"constant","value":false},"repeatedCollection":{"type":"variable"}},"reference":"a109eafd-e5b3-4087-8daa-ac7a1d3ce74d","rows":[[{"type":"component","dimension":{"xs":12,"sm":12,"md":12,"lg":12},"propertyValues":{"cssClasses":{"type":"constant","value":""},"hidden":{"type":"constant","value":false},"text":{"type":"interpolation","value":"Debug"},"level":{"type":"constant","value":"Level 2"},"alignment":{"type":"constant","value":"center"}},"reference":"afc512a3-0900-4ea3-9ec8-c64f87d02669","id":"pbTitle"}],[{"type":"component","dimension":{"xs":12,"sm":12,"md":12,"lg":12},"propertyValues":{"cssClasses":{"type":"constant","value":""},"hidden":{"type":"constant","value":false},"text":{"type":"interpolation","value":"ws_parametria <pre>{{ws_parametria | json}}</pre>"},"alignment":{"type":"constant","value":"left"}},"reference":"f2524e25-faaa-4dd4-856e-65d0632f6a4a","id":"pbText"}],[{"type":"component","dimension":{"xs":12,"sm":12,"md":6,"lg":6},"propertyValues":{"cssClasses":{"type":"constant","value":""},"hidden":{"type":"constant","value":false},"text":{"type":"interpolation","value":"categorias<pre>{{categorias| json}}</pre>\nusuariosSeleccionados<pre>{{usuariosSeleccionados | json}}</pre>\nregla<pre>{{regla| json}}</pre>"},"alignment":{"type":"constant","value":"left"}},"reference":"86d7f7f2-847f-46b9-a529-f8482f3d6b5f","id":"pbText"},{"type":"component","dimension":{"xs":12,"sm":12,"md":6,"lg":6},"propertyValues":{"cssClasses":{"type":"constant","value":""},"hidden":{"type":"constant","value":false},"text":{"type":"interpolation","value":"guardarReglas<pre>{{guardarReglas | json}}</pre>"},"alignment":{"type":"constant","value":"left"}},"reference":"15b8f4ce-b6f6-44d4-a5be-72e7bae589f3","id":"pbText"}],[{"type":"component","dimension":{"xs":12,"sm":12,"md":6,"lg":6},"propertyValues":{"cssClasses":{"type":"constant","value":""},"hidden":{"type":"constant","value":false},"text":{"type":"interpolation","value":"temp<pre>{{temp| json}}</pre>"},"alignment":{"type":"constant","value":"left"}},"reference":"682ed7a5-d2b2-4f86-a122-5034cd8bdb72","id":"pbText"},{"type":"component","dimension":{"xs":12,"sm":12,"md":6,"lg":6},"propertyValues":{"cssClasses":{"type":"constant","value":""},"hidden":{"type":"constant","value":false},"text":{"type":"interpolation","value":"bdm_reglas_filtro<pre>{{bdm_reglas_filtro| json}}</pre>"},"alignment":{"type":"constant","value":"left"}},"reference":"129c2d2d-0e32-496d-920e-77008622cff2","id":"pbText"}]]}]],"assets":[{"id":"5ba35dc6-9ec6-4c5f-b511-e6b3cb3cd369","name":"https://unpkg.com/rxjs/bundles/Rx.min.js","type":"js","order":2,"external":true},{"id":"6bf10295-55bf-4a0c-a229-00ce40f9e13e","name":"localization.json","type":"json","order":0,"external":false},{"id":"68436309-7af3-47ff-9e1a-38f0bf885433","name":"style.css","type":"css","order":1,"external":false}],"inactiveAssets":[],"data":{"processList":{"type":"url","value":"../API/bpm/process?p=0&c=100","exposed":false},"temp":{"type":"json","value":"{\n    \"final\":[]\n}","exposed":false},"regla":{"type":"expression","value":"Array.prototype.concatAll = function() {\n\tvar results = [];\n\tthis.forEach(function(subArray) {\n\t\tresults.push.apply(results, subArray);\n\t});\n\n\treturn results;\n};\n\nArray.prototype.equals = function (array) {\n    // if the other array is a falsy value, return\n    if (!array)\n        return false;\n\n    // compare lengths - can save a lot of time \n    if (this.length != array.length)\n        return false;\n\n    for (var i = 0, l=this.length; i < l; i++) {\n        // Check if we have nested arrays\n        if (this[i] instanceof Array && array[i] instanceof Array) {\n            // recurse into the nested arrays\n            if (!this[i].equals(array[i]))\n                return false;       \n        }           \n        else if (this[i] != array[i]) { \n            // Warning - two different object instances will never be equal: {x:20} != {x:20}\n            return false;   \n        }           \n    }       \n    return true;\n};\n// Hide method from for-in loops\nObject.defineProperty(Array.prototype, \"equals\", {enumerable: false});\n\n\n\nvar structure = {\n    \"catId\": $data.temp.categoriaSelected.name,\n    \"lastModified\": new Date(),\n      \"restricciones\": [],\n    \"prioridades\": [],\n    \"ordenes\": []\n  };\n\nif(($data.usuariosSeleccionados && $data.usuariosSeleccionados.length > 0 && $data.ws_parametria) && (!$data.temp.usuariosSeleccionadosOld || !$data.usuariosSeleccionados.equals($data.temp.usuariosSeleccionadosOld) )){\n    $data.temp.usuariosSeleccionadosOld = $data.usuariosSeleccionados;\n    if($data.ws_reglas_get && $data.ws_reglas_get.length > 0){\n    \n        $data.reglasActuales = $data.usuariosSeleccionados.map(function(user){\n        \n            var reglas = $data.ws_reglas_get.filter(function(regla){\n                return regla.userId == user.id;\n            });\n            if(reglas.length === 0){\n                structure.userId = user.id;\n                structure.userName = user.name;\n                return new Array(angular.copy(structure));\n            }else{\n                return reglas;\n            }\n        }).concatAll();\n        console.log(\"tras concat: \",  $data.reglasActuales);\n    }\n}\n\n\n// if($data.temp.usuariosSeleccionadosOld && $data.temp.usuariosSeleccionadosOld !==  $data.usuariosSeleccionados){\n//     $data.temp.usuariosSeleccionadosOld.map(function(userOld){    \n//         $data.usuariosSeleccionados.map(function(user){\n//             if(user.id !== userOld.id) {\n//                 structure.userId = user.id;\n//                 structure.userName = user.name;\n//                 console.log(\"new structure pushed: \", structure);\n//                 $data.reglasActuales.push(structure);\n//             }\n//         });\n//     });\n//     $data.temp.usuariosSeleccionadosOld =  $data.usuariosSeleccionados;\n// }\n\n\n\n\n\n\n\n\n\n","exposed":false},"msg":{"type":"constant","exposed":false},"Acontroler":{"type":"expression","value":"if($data.msg && $data.msg.caseId !== null){\n    alert(\"Las reglas se han guardado\");\n    $data.temp.userSelected = undefined;\n    $data.msg = undefined;\n}","exposed":false},"categorias":{"type":"url","value":"../API/bpm/category?p=0&c=20","exposed":false},"usuariosEnCategoria":{"type":"url","value":"../API/extension/userListByProcessCategory?categoryId={{temp.categoriaSelected.id}}&p=0&c=100","exposed":false},"parametria":{"type":"json","value":"{\r\n\t\"catId\": \"102\",\r\n\t\"campos\":[\r\n\t\t{\r\n\t\t\t\"nombre\":\"Monto\",\r\n\t\t\t\"condicion\":[\r\n\t\t\t\t{\r\n\t\t\t\t\t\"key\":\">=\",\r\n\t\t\t\t\t\"value\":\"mayorIgualQue\"\r\n\t\t\t\t},\r\n\t\t\t\t{\r\n\t\t\t\t\t\"key\":\"<=\",\r\n\t\t\t\t\t\"value\":\"menorIgualQue\"\r\n\t\t\t\t},\r\n\t\t\t\t{\r\n\t\t\t\t\t\"key\":\"=\",\r\n\t\t\t\t\t\"value\":\"igual\"\r\n\t\t\t\t},\r\n\t\t\t\t{\r\n\t\t\t\t\t\"key\":\"BETWEEN\",\r\n\t\t\t\t\t\"value\":\"entre\"\r\n\t\t\t\t}\r\n\r\n\t\t\t],\r\n\t\t\t\"tipoValor\":\"numerico\",\r\n\t\t\t\"valorReferencia\": \"\"\r\n\t\t},\r\n\t\t{\r\n\t\t\t\"nombre\":\"Producto\",\r\n\t\t\t\"condicion\":[\r\n\t\t\t\t{\r\n\t\t\t\t\t\"key\":\"=\",\r\n\t\t\t\t\t\"value\":\"igual\"\r\n\t\t\t\t},\r\n\t\t\t\t{\r\n\t\t\t\t\t\"key\":\"!=\",\r\n\t\t\t\t\t\"value\":\"distinto\"\r\n\t\t\t\t},\r\n\t\t\t\t{\r\n\t\t\t\t\t\"key\":\"IN\",\r\n\t\t\t\t\t\"value\":\"dentro de\"\r\n\t\t\t\t}\r\n\t\t\t],\r\n\t\t\t\"tipoValor\":\"seleccion\",\r\n\t\t\t\"valorReferencia\":[\r\n\t\t\t\t{\r\n\t\t\t\t\t\"key\":\"Vehiculo\",\r\n\t\t\t\t\t\"value\":\"vehiculo\"\r\n\t\t\t\t},\r\n\t\t\t\t{\r\n\t\t\t\t\t\"key\":\"Libranzas\",\r\n\t\t\t\t\t\"value\":\"libranzas\"\r\n\t\t\t\t}\r\n\t\t\t]\r\n\t\t},\r\n\t\t{\r\n\t\t\t\"nombre\":\"TechnoIndividual\",\r\n\t\t\t\"condicion\":[\r\n\t\t\t\t{\r\n\t\t\t\t\t\"key\":\">=\",\r\n\t\t\t\t\t\"value\":\"mayorIgualQue\"\r\n\t\t\t\t},\r\n\t\t\t\t{\r\n\t\t\t\t\t\"key\":\"<=\",\r\n\t\t\t\t\t\"value\":\"menorIgualQue\"\r\n\t\t\t\t},\r\n\t\t\t\t{\r\n\t\t\t\t\t\"key\":\"=\",\r\n\t\t\t\t\t\"value\":\"igual\"\r\n\t\t\t\t},\r\n\t\t\t\t{\r\n\t\t\t\t\t\"key\":\"BETWEEN\",\r\n\t\t\t\t\t\"value\":\"entre\"\r\n\t\t\t\t}\r\n\r\n\t\t\t],\r\n\t\t\t\"tipoValor\":\"numerico\",\r\n\t\t\t\"valorReferencia\": \"\"\r\n\t\t},\r\n\t\t{\r\n\t\t\t\"nombre\":\"TechoGlobal\",\r\n\t\t\t\"condicion\":[\r\n\t\t\t\t{\r\n\t\t\t\t\t\"key\":\">=\",\r\n\t\t\t\t\t\"value\":\"mayorIgualQue\"\r\n\t\t\t\t},\r\n\t\t\t\t{\r\n\t\t\t\t\t\"key\":\"<=\",\r\n\t\t\t\t\t\"value\":\"menorIgualQue\"\r\n\t\t\t\t},\r\n\t\t\t\t{\r\n\t\t\t\t\t\"key\":\"=\",\r\n\t\t\t\t\t\"value\":\"igual\"\r\n\t\t\t\t},\r\n\t\t\t\t{\r\n\t\t\t\t\t\"key\":\"BETWEEN\",\r\n\t\t\t\t\t\"value\":\"entre\"\r\n\t\t\t\t}\r\n\r\n\t\t\t],\r\n\t\t\t\"tipoValor\":\"numerico\",\r\n\t\t\t\"valorReferencia\": \"\"\r\n\t\t},\r\n\t\t{\r\n\t\t\t\"nombre\":\"FuerzaVenta\",\r\n\t\t\t\"condicion\":[\r\n\t\t\t\t{\r\n\t\t\t\t\t\"key\":\">=\",\r\n\t\t\t\t\t\"value\":\"mayorIgualQue\"\r\n\t\t\t\t},\r\n\t\t\t\t{\r\n\t\t\t\t\t\"key\":\"<=\",\r\n\t\t\t\t\t\"value\":\"menorIgualQue\"\r\n\t\t\t\t},\r\n\t\t\t\t{\r\n\t\t\t\t\t\"key\":\"=\",\r\n\t\t\t\t\t\"value\":\"igual\"\r\n\t\t\t\t},\r\n\t\t\t\t{\r\n\t\t\t\t\t\"key\":\"BETWEEN\",\r\n\t\t\t\t\t\"value\":\"entre\"\r\n\t\t\t\t}\r\n\r\n\t\t\t],\r\n\t\t\t\"tipoValor\":\"numerico\",\r\n\t\t\t\"valorReferencia\": \"\"\r\n\t\t},\r\n\t\t{\r\n\t\t\t\"nombre\":\"TipoCliente\",\r\n\t\t\t\"condicion\":[\r\n\t\t\t\t{\r\n\t\t\t\t\t\"key\":\"=\",\r\n\t\t\t\t\t\"value\":\"igual\"\r\n\t\t\t\t},\r\n\t\t\t\t{\r\n\t\t\t\t\t\"key\":\"!=\",\r\n\t\t\t\t\t\"value\":\"distinto\"\r\n\t\t\t\t},\r\n\t\t\t\t{\r\n\t\t\t\t\t\"key\":\"IN\",\r\n\t\t\t\t\t\"value\":\"dentro de\"\r\n\t\t\t\t}\r\n\t\t\t],\r\n\t\t\t\"tipoValor\":\"seleccion\",\r\n\t\t\t\"valorReferencia\":[\r\n\t\t\t\t{\r\n\t\t\t\t\t\"key\":\"VIP\",\r\n\t\t\t\t\t\"value\":\"vip\"\r\n\t\t\t\t},\r\n\t\t\t\t{\r\n\t\t\t\t\t\"key\":\"Especial\",\r\n\t\t\t\t\t\"value\":\"especial\"\r\n\t\t\t\t}\r\n\t\t\t]\r\n\t\t},\r\n\t\t{\r\n\t\t\t\"nombre\":\"NombreConvenio\",\r\n\t\t\t\"condicion\":[\r\n\t\t\t\t{\r\n\t\t\t\t\t\"key\":\"=\",\r\n\t\t\t\t\t\"value\":\"igual\"\r\n\t\t\t\t},\r\n\t\t\t\t{\r\n\t\t\t\t\t\"key\":\"!=\",\r\n\t\t\t\t\t\"value\":\"distinto\"\r\n\t\t\t\t},\r\n\t\t\t\t{\r\n\t\t\t\t\t\"key\":\"IN\",\r\n\t\t\t\t\t\"value\":\"dentro de\"\r\n\t\t\t\t}\r\n\t\t\t],\r\n\t\t\t\"tipoValor\":\"seleccion\",\r\n\t\t\t\"valorReferencia\":[\r\n\t\t\t\t{\r\n\t\t\t\t\t\"key\":\"Accionistas\",\r\n\t\t\t\t\t\"value\":\"accionistas\"\r\n\t\t\t\t},\r\n\t\t\t\t{\r\n\t\t\t\t\t\"key\":\"Trabajadores\",\r\n\t\t\t\t\t\"value\":\"trabajadores\"\r\n\t\t\t\t}\r\n\t\t\t]\r\n\t\t}\r\n\t]\r\n}","exposed":false},"reglasListado":{"type":"json","value":"[]","exposed":false},"usuariosSeleccionados":{"type":"json","value":"[]","exposed":false},"JSONstructure":{"type":"json","value":"{\r\n    \"restricciones\": [],\r\n    \"prioridades\": [],\r\n    \"ordenes\": []\r\n}\r\n","exposed":false},"ws_parametria":{"type":"url","value":"http://localhost:9090/services/parametria?categoria={{temp.categoriaSelected.name}}","exposed":false},"ws_reglas_get":{"type":"url","value":"http://localhost:9090/services/reglas?categoria={{temp.categoriaSelected.name}}","exposed":false},"reglasActuales":{"type":"json","value":"[]","exposed":false}}}