{
  "id": "customMultiSelection",
  "name": "MultiSelectionWidget",
  "template": "<div\r\n        isteven-multi-select\r\n        input-model=\"properties.availableValues\"\r\n        output-model=\"properties.value\"\r\n        button-label=\"{{properties.buttonLabel}}\"\r\n        item-label=\"{{properties.itemLabel}}\"\r\n        tick-property=\"ticked\"\r\n        ng-if=\"properties.outputProperties && properties.outputProperties!==''\"\r\n        output-properties=\"{{properties.outputProperties}}\"\r\n>\r\n</div>\r\n<div\r\n        isteven-multi-select\r\n        input-model=\"properties.availableValues\"\r\n        output-model=\"properties.value\"\r\n        button-label=\"{{properties.buttonLabel}}\"\r\n        item-label=\"{{properties.itemLabel}}\"\r\n        tick-property=\"ticked\"\r\n        ng-if=\"!properties.outputProperties || properties.outputProperties==''\"\r\n>\r\n</div>\r\n\r\n",
  "controller": "/**\r\n * The controller is a JavaScript function that augments the AngularJS scope and exposes functions that can be used in the custom widget template\r\n *\r\n * Custom widget properties defined on the right can be used as variables in a controller with $scope.properties\r\n * To use AngularJS standard services, you must declare them in the main function arguments.\r\n *\r\n * You can leave the controller empty if you do not need it.\r\n **/\r\nfunction WidgetController($scope) {\r\n/*\r\n    var white = 'white';\r\n\r\n    // add a new variable in AngularJS scope. It'll be usable in the template directly with {{ backgroudColor }}\r\n    $scope.backgroudColor = white;\r\n\r\n    // define a function to be used in template with ctrl.toggleBackgroundColor()\r\n    this.toggleBackgroundColor = function () {\r\n        if ($scope.backgroudColor === white) {\r\n            // use the custom widget property backgroudColor with $scope.properties.backgroudColor\r\n            $scope.backgroudColor = $scope.properties.background;\r\n        } else {\r\n            $scope.backgroudColor = white;\r\n        }\r\n    };\r\n    */\r\n}\r\n",
  "custom": true,
  "properties": [
    {
      "label": "Value",
      "name": "value",
      "type": "text",
      "defaultValue": "",
      "bond": "variable"
    },
    {
      "label": "Available values",
      "name": "availableValues",
      "type": "text",
      "defaultValue": "This is the initial value",
      "bond": "expression"
    },
    {
      "label": "Button Label",
      "name": "buttonLabel",
      "type": "text",
      "help": "Labels displayed in the widget when an item is selected, it has to be space separated",
      "defaultValue": "name surname",
      "bond": "expression"
    },
    {
      "label": "Item Label",
      "name": "itemLabel",
      "type": "text",
      "help": "Labels displayed in the list of items to select, it has to be space separated",
      "defaultValue": "name surname",
      "bond": "expression"
    },
    {
      "label": "Output Properties",
      "name": "outputProperties",
      "type": "text",
      "defaultValue": "Object atributes we want to return, it has to be space separated or empty if we want the whole object",
      "bond": "expression"
    }
  ],
  "assets": [
    {
      "name": "isteven-multi-select.css",
      "type": "css",
      "external": false,
      "order": 2
    },
    {
      "name": "isteven-multi-select.js",
      "type": "js",
      "external": false,
      "order": 1
    }
  ],
  "requiredModules": [
    "isteven-multi-select"
  ]
}
