{"designerVersion":"1.4.34","id":"656503ed-1ab2-4d4c-9573-9ad88e7dc2fa","name":"sideMenuv3","type":"layout","lastUpdate":1506590043795,"rows":[[{"type":"component","dimension":{"xs":12,"sm":12,"md":12,"lg":12},"propertyValues":{"cssClasses":{"type":"constant","value":""},"hidden":{"type":"constant","value":false},"resizeToContent":{"type":"constant","value":false}},"reference":"aa36b11b-61a6-459c-9a08-bf861338ee82","id":"customCustomWidgetSideMenuLayout"}]],"assets":[{"id":"2204d018-8e07-4786-8e23-6f07155a8776","name":"localization.json","type":"json","order":0,"external":false}],"inactiveAssets":[],"data":{}}