{"designerVersion":"1.4.34","id":"b11b7f20-b81f-4c13-80b7-3fef93f8b405","name":"AsignadorDeTareasv88","type":"page","lastUpdate":1509114957016,"rows":[[{"type":"component","dimension":{"xs":12,"sm":12,"md":12,"lg":12},"propertyValues":{"cssClasses":{"type":"constant","value":""},"hidden":{"type":"constant","value":false},"options":{"type":"constant","value":"{\"time-out\": 3000}"},"toasters":{"type":"variable","value":"temp.toaster"}},"reference":"6ed28899-db4e-433b-baf8-514c125ba306","id":"customMessageToaster"}],[{"type":"component","dimension":{"xs":12,"sm":12,"md":12,"lg":12},"propertyValues":{"cssClasses":{"type":"constant","value":""},"hidden":{"type":"constant","value":false},"text":{"type":"interpolation","value":"Gestor de reglas"},"level":{"type":"constant","value":"Level 2"},"alignment":{"type":"constant","value":"left"}},"reference":"6f6d1117-f625-4093-8049-8fb0debf8a44","id":"pbTitle"}],[{"type":"container","dimension":{"xs":12,"sm":12,"md":12,"lg":12},"propertyValues":{"cssClasses":{"type":"constant","value":"alert seccion"},"hidden":{"type":"constant","value":false},"repeatedCollection":{"type":"variable"}},"reference":"367629ce-bef8-484b-96d7-dc558be00442","rows":[[{"type":"component","dimension":{"xs":12,"sm":3,"md":3,"lg":3},"propertyValues":{"cssClasses":{"type":"constant","value":""},"hidden":{"type":"constant","value":false},"disabled":{"type":"constant","value":false},"required":{"type":"constant","value":false},"labelHidden":{"type":"constant","value":false},"label":{"type":"interpolation","value":"Categoría"},"labelPosition":{"type":"constant","value":"top"},"labelWidth":{"type":"constant","value":4},"placeholder":{"type":"interpolation","value":"Seleccione categoría de proceso"},"availableValues":{"type":"expression","value":"categorias"},"displayedKey":{"type":"constant","value":"name"},"returnedKey":{"type":"constant","value":""},"value":{"type":"variable","value":"temp.categoriaSelected"}},"reference":"a0a19359-857b-48b5-be8b-ef454b602e3f","id":"pbSelect"},{"type":"component","dimension":{"xs":12,"sm":12,"md":5,"lg":5},"propertyValues":{"cssClasses":{"type":"constant","value":""},"hidden":{"type":"expression","value":"!temp.categoriaSelected"},"value":{"type":"variable","value":"usuariosSeleccionados"},"availableValues":{"type":"expression","value":"usuariosListado"},"buttonLabel":{"type":"constant","value":"name"},"itemLabel":{"type":"constant","value":"name"},"outputProperties":{"type":"constant","value":"name id"},"labelHidden":{"type":"constant","value":false},"required":{"type":"constant","value":false},"labelPosition":{"type":"constant","value":"top"},"label":{"type":"constant","value":"Usuarios"},"labelWidth":{"type":"constant","value":4}},"reference":"20a33292-333b-4977-8371-cbbf847f6545","id":"customMultiSelection"},{"type":"container","dimension":{"xs":12,"sm":12,"md":4,"lg":4},"propertyValues":{"cssClasses":{"type":"constant","value":"alert"},"hidden":{"type":"expression","value":"!temp.categoriaSelected"},"repeatedCollection":{"type":"variable"}},"reference":"3b725a1f-7d58-4b1c-843e-2c3f1c6c8b4c","rows":[[{"type":"component","dimension":{"xs":12,"sm":12,"md":6,"lg":6},"propertyValues":{"cssClasses":{"type":"constant","value":"alert bt-primario font"},"hidden":{"type":"constant","value":false},"disabled":{"type":"constant","value":false},"label":{"type":"interpolation","value":"Guardar reglas en plantilla"},"alignment":{"type":"constant","value":"right"},"buttonStyle":{"type":"constant","value":"default"},"action":{"type":"constant","value":"Add to collection"},"url":{"type":"interpolation"},"dataToSend":{"type":"constant"},"dataFromSuccess":{"type":"variable"},"dataFromError":{"type":"variable"},"targetUrlOnSuccess":{"type":"interpolation"},"collectionToModify":{"type":"variable","value":"temp.modal"},"collectionPosition":{"type":"constant","value":"Last"},"valueToAdd":{"type":"constant","value":"2"},"removeItem":{"type":"variable"}},"reference":"85726b18-991c-41c9-b8be-2a44bc4f9df9","id":"pbButton"},{"type":"component","dimension":{"xs":12,"sm":12,"md":6,"lg":6},"propertyValues":{"cssClasses":{"type":"constant","value":"alert bt-secundario font"},"hidden":{"type":"constant","value":false},"disabled":{"type":"constant","value":false},"label":{"type":"interpolation","value":"Restaurar plantilla"},"alignment":{"type":"constant","value":"right"},"buttonStyle":{"type":"constant","value":"danger"},"action":{"type":"constant","value":"GET"},"url":{"type":"interpolation","value":"{{url_servicios}}reglas/Plantilla/{{temp.categoriaSelected.name}}"},"dataToSend":{"type":"constant"},"dataFromSuccess":{"type":"variable","value":"temp.plantilla"},"dataFromError":{"type":"variable"},"targetUrlOnSuccess":{"type":"interpolation"},"collectionToModify":{"type":"variable","value":"temp.modal"},"collectionPosition":{"type":"constant","value":"Last"},"valueToAdd":{"type":"constant"},"removeItem":{"type":"variable"}},"reference":"679bc868-3e55-47cd-b25e-55ec1951f1c5","id":"pbButton"}]]}]]}],[{"type":"container","dimension":{"xs":12,"sm":12,"md":12,"lg":12},"propertyValues":{"cssClasses":{"type":"constant","value":""},"hidden":{"type":"expression","value":"!usuariosSeleccionados"},"repeatedCollection":{"type":"variable","value":"reglasActuales"}},"reference":"46a63d7b-2665-4fc4-92ce-8bb7017e5550","rows":[[{"type":"component","dimension":{"xs":12,"sm":12,"md":12,"lg":12},"propertyValues":{"cssClasses":{"type":"constant","value":""},"hidden":{"type":"constant","value":false},"text":{"type":"interpolation","value":"Reglas aplicadas para {{$item.userName}}"},"level":{"type":"constant","value":"Level 3"},"alignment":{"type":"constant","value":"left"}},"reference":"da35bb32-6b75-42cc-b13c-80fbff37604c","id":"pbTitle"}],[{"type":"container","dimension":{"xs":12,"sm":12,"md":12,"lg":12},"propertyValues":{"cssClasses":{"type":"constant","value":""},"hidden":{"type":"constant","value":false},"repeatedCollection":{"type":"variable","value":""}},"reference":"2e83eb8a-edce-46c7-b31d-e84e15008ccc","rows":[[{"type":"formContainer","dimension":{"xs":12,"sm":12,"md":12,"lg":12},"propertyValues":{"cssClasses":{"type":"constant","value":""},"hidden":{"type":"constant","value":false}},"reference":"b69e3f60-5197-4ca8-9f7c-1791485b777a","container":{"type":"container","dimension":{"xs":12},"propertyValues":{},"reference":"a078056f-80fa-4af4-91f6-9f1603234507","rows":[[{"type":"container","dimension":{"xs":12,"sm":12,"md":12,"lg":12},"propertyValues":{"cssClasses":{"type":"constant","value":""},"hidden":{"type":"constant","value":false},"repeatedCollection":{"type":"variable"}},"reference":"70813a01-84d3-4de2-aa71-24d1fa89f192","rows":[[{"type":"component","dimension":{"xs":12,"sm":12,"md":12,"lg":12},"propertyValues":{"cssClasses":{"type":"constant","value":"encabezado"},"hidden":{"type":"constant","value":false},"text":{"type":"interpolation","value":"Restricciones"},"level":{"type":"constant","value":"Level 3"},"alignment":{"type":"constant","value":"left"}},"reference":"eb1dd91e-1a5f-4087-b28d-bb13b8f5087b","id":"pbTitle"}],[{"type":"container","dimension":{"xs":12,"sm":12,"md":12,"lg":12},"propertyValues":{"cssClasses":{"type":"constant","value":""},"hidden":{"type":"constant","value":false},"repeatedCollection":{"type":"variable","value":"$item.restricciones"}},"reference":"5c1b0c4a-c479-4fcd-9f45-7e52d6973b93","rows":[[{"type":"fragment","dimension":{"xs":12,"sm":12,"md":10,"lg":10},"propertyValues":{"cssClasses":{"type":"constant","value":""},"hidden":{"type":"constant","value":false}},"reference":"b8f1c643-d5bf-41ce-8a08-86f7e5d30a06","id":"68effc3b-26b6-4380-90dd-586749ba00ae","binding":{"parametria":"ws_parametria[0]","restriccion":"$item","item":"$item"}},{"type":"component","dimension":{"xs":12,"sm":12,"md":2,"lg":2},"propertyValues":{"cssClasses":{"type":"constant","value":"bt-terciario font"},"hidden":{"type":"constant","value":false},"disabled":{"type":"constant","value":false},"label":{"type":"interpolation","value":"Eliminar"},"alignment":{"type":"constant","value":"right"},"buttonStyle":{"type":"constant","value":"danger"},"action":{"type":"constant","value":"Remove from collection"},"url":{"type":"interpolation"},"dataToSend":{"type":"constant"},"dataFromSuccess":{"type":"variable"},"dataFromError":{"type":"variable"},"targetUrlOnSuccess":{"type":"interpolation"},"collectionToModify":{"type":"variable","value":"$collection"},"collectionPosition":{"type":"constant","value":"Item"},"valueToAdd":{"type":"constant"},"removeItem":{"type":"variable","value":"$item"}},"reference":"6e2d0238-f238-44e3-a7e5-a9d63f1717a8","id":"pbButton"}]]}],[{"type":"component","dimension":{"xs":12,"sm":12,"md":12,"lg":12},"propertyValues":{"cssClasses":{"type":"constant","value":"alert bt-secundario font"},"hidden":{"type":"constant","value":false},"disabled":{"type":"constant","value":false},"label":{"type":"interpolation","value":"Añadir restricción"},"alignment":{"type":"constant","value":"right"},"buttonStyle":{"type":"constant","value":"success"},"action":{"type":"constant","value":"Add to collection"},"url":{"type":"interpolation"},"dataToSend":{"type":"constant"},"dataFromSuccess":{"type":"variable"},"dataFromError":{"type":"variable"},"targetUrlOnSuccess":{"type":"interpolation"},"collectionToModify":{"type":"variable","value":"$item.restricciones"},"collectionPosition":{"type":"constant","value":"Last"},"valueToAdd":{"type":"constant"},"removeItem":{"type":"variable"}},"reference":"0d8b6938-ca0a-4396-905e-0c1eb158e4b1","id":"pbButton"}]]}],[{"type":"container","dimension":{"xs":12,"sm":12,"md":12,"lg":12},"propertyValues":{"cssClasses":{"type":"constant","value":""},"hidden":{"type":"constant","value":false},"repeatedCollection":{"type":"variable"}},"reference":"bb92a91c-e674-4295-be5c-fb25a0413834","rows":[[{"type":"component","dimension":{"xs":12,"sm":12,"md":12,"lg":12},"propertyValues":{"cssClasses":{"type":"constant","value":"encabezado"},"hidden":{"type":"constant","value":false},"text":{"type":"interpolation","value":"Prioridades"},"level":{"type":"constant","value":"Level 3"},"alignment":{"type":"constant","value":"left"}},"reference":"29202926-a12b-42e3-8029-32c87c49e68c","id":"pbTitle"}],[{"type":"container","dimension":{"xs":12,"sm":12,"md":12,"lg":12},"propertyValues":{"cssClasses":{"type":"constant","value":""},"hidden":{"type":"constant","value":false},"repeatedCollection":{"type":"variable","value":"$item.prioridades"}},"reference":"e39ffe17-e58f-48d3-b008-048bf417e595","rows":[[{"type":"fragment","dimension":{"xs":12,"sm":12,"md":10,"lg":10},"propertyValues":{"cssClasses":{"type":"constant","value":""},"hidden":{"type":"constant","value":false}},"reference":"d2b689c2-4f26-4a66-833e-911606f688cd","id":"59e291c7-022a-43e1-bccf-db31973a6e66","binding":{"parametria":"ws_parametria[0]","item":"$item"}},{"type":"container","dimension":{"xs":12,"sm":12,"md":2,"lg":2},"propertyValues":{"cssClasses":{"type":"constant","value":""},"hidden":{"type":"constant","value":false},"repeatedCollection":{"type":"variable"}},"reference":"e7eeadde-634b-444f-81da-6a5fe594013d","rows":[[{"type":"component","dimension":{"xs":12,"sm":12,"md":12,"lg":12},"propertyValues":{"cssClasses":{"type":"constant","value":"bt-terciario font"},"hidden":{"type":"constant","value":false},"disabled":{"type":"constant","value":false},"label":{"type":"interpolation","value":"Eliminar"},"alignment":{"type":"constant","value":"right"},"buttonStyle":{"type":"constant","value":"danger"},"action":{"type":"constant","value":"Remove from collection"},"url":{"type":"interpolation"},"dataToSend":{"type":"constant"},"dataFromSuccess":{"type":"variable"},"dataFromError":{"type":"variable"},"targetUrlOnSuccess":{"type":"interpolation"},"collectionToModify":{"type":"variable","value":"$collection"},"collectionPosition":{"type":"constant","value":"Item"},"valueToAdd":{"type":"constant"},"removeItem":{"type":"variable","value":"$item"}},"reference":"384d47b6-6d0b-447b-b06c-df144abc7494","id":"pbButton"}]]}]]}],[{"type":"component","dimension":{"xs":12,"sm":12,"md":12,"lg":12},"propertyValues":{"cssClasses":{"type":"constant","value":"alert bt-secundario font"},"hidden":{"type":"constant","value":false},"disabled":{"type":"constant","value":false},"label":{"type":"interpolation","value":"Añadir prioridad"},"alignment":{"type":"constant","value":"right"},"buttonStyle":{"type":"constant","value":"warning"},"action":{"type":"constant","value":"Add to collection"},"url":{"type":"interpolation"},"dataToSend":{"type":"constant"},"dataFromSuccess":{"type":"variable"},"dataFromError":{"type":"variable"},"targetUrlOnSuccess":{"type":"interpolation"},"collectionToModify":{"type":"variable","value":"$item.prioridades"},"collectionPosition":{"type":"constant","value":"Last"},"valueToAdd":{"type":"constant","value":""},"removeItem":{"type":"variable"}},"reference":"7923352c-e48a-48a8-b951-52762e18da40","id":"pbButton"}]]}],[{"type":"container","dimension":{"xs":12,"sm":12,"md":12,"lg":12},"propertyValues":{"cssClasses":{"type":"constant","value":""},"hidden":{"type":"constant","value":false},"repeatedCollection":{"type":"variable"}},"reference":"c487bf1e-9b6c-4842-82ad-83ef9b5fc8ca","rows":[[{"type":"component","dimension":{"xs":12,"sm":12,"md":12,"lg":12},"propertyValues":{"cssClasses":{"type":"constant","value":"encabezado"},"hidden":{"type":"constant","value":false},"text":{"type":"interpolation","value":"Órdenes"},"level":{"type":"constant","value":"Level 3"},"alignment":{"type":"constant","value":"left"}},"reference":"bed75227-04b3-40a1-9218-8552928e0c91","id":"pbTitle"}],[{"type":"container","dimension":{"xs":12,"sm":12,"md":12,"lg":12},"propertyValues":{"cssClasses":{"type":"constant","value":""},"hidden":{"type":"constant","value":false},"repeatedCollection":{"type":"variable","value":"$item.ordenes"}},"reference":"269ecf61-1e51-4186-93b6-27b9b49b3480","rows":[[{"type":"component","dimension":{"xs":12,"sm":12,"md":3,"lg":3},"propertyValues":{"cssClasses":{"type":"constant","value":""},"hidden":{"type":"constant","value":false},"disabled":{"type":"constant","value":false},"required":{"type":"constant","value":true},"labelHidden":{"type":"constant","value":true},"label":{"type":"interpolation","value":"Orden"},"labelPosition":{"type":"constant","value":"top"},"labelWidth":{"type":"constant","value":4},"placeholder":{"type":"interpolation","value":"Orden"},"availableValues":{"type":"expression","value":"ws_parametria[0].campos"},"displayedKey":{"type":"constant","value":"nombre"},"returnedKey":{"type":"constant","value":"nombre"},"value":{"type":"variable","value":"$item.nombre"}},"reference":"fc39f057-7080-4251-81bc-ec91aff51139","id":"pbSelect"},{"type":"component","dimension":{"xs":12,"sm":12,"md":2,"lg":2},"propertyValues":{"cssClasses":{"type":"constant","value":""},"hidden":{"type":"constant","value":false},"disabled":{"type":"constant","value":false},"required":{"type":"constant","value":true},"labelHidden":{"type":"constant","value":true},"label":{"type":"interpolation","value":"Criterio"},"labelPosition":{"type":"constant","value":"top"},"labelWidth":{"type":"constant","value":4},"placeholder":{"type":"interpolation","value":"Criterio"},"availableValues":{"type":"constant","value":["ASC","DESC"]},"displayedKey":{"type":"constant"},"returnedKey":{"type":"constant"},"value":{"type":"variable","value":"$item.criterio"}},"reference":"afca3245-ce34-4a96-9b5b-394a538142f4","id":"pbSelect"},{"type":"component","dimension":{"xs":12,"sm":12,"md":7,"lg":7},"propertyValues":{"cssClasses":{"type":"constant","value":"bt-terciario font"},"hidden":{"type":"constant","value":false},"disabled":{"type":"constant","value":false},"label":{"type":"interpolation","value":"Eliminar"},"alignment":{"type":"constant","value":"right"},"buttonStyle":{"type":"constant","value":"danger"},"action":{"type":"constant","value":"Remove from collection"},"url":{"type":"interpolation"},"dataToSend":{"type":"constant","value":"temp"},"dataFromSuccess":{"type":"variable"},"dataFromError":{"type":"variable"},"targetUrlOnSuccess":{"type":"interpolation"},"collectionToModify":{"type":"variable","value":"$collection"},"collectionPosition":{"type":"constant","value":"Item"},"valueToAdd":{"type":"constant"},"removeItem":{"type":"variable","value":"$item"}},"reference":"44f2242f-58e8-43d8-a577-63ab554f8c3b","id":"pbButton"}]]}],[{"type":"component","dimension":{"xs":12,"sm":12,"md":12,"lg":12},"propertyValues":{"cssClasses":{"type":"constant","value":"alert bt-secundario font"},"hidden":{"type":"constant","value":false},"disabled":{"type":"constant","value":false},"label":{"type":"interpolation","value":"Añadir orden"},"alignment":{"type":"constant","value":"right"},"buttonStyle":{"type":"constant","value":"success"},"action":{"type":"constant","value":"Add to collection"},"url":{"type":"interpolation"},"dataToSend":{"type":"constant"},"dataFromSuccess":{"type":"variable"},"dataFromError":{"type":"variable"},"targetUrlOnSuccess":{"type":"interpolation"},"collectionToModify":{"type":"variable","value":"$item.ordenes"},"collectionPosition":{"type":"constant","value":"Last"},"valueToAdd":{"type":"constant"},"removeItem":{"type":"variable"}},"reference":"e9c5082f-3dc5-4654-801f-85e9da4b0303","id":"pbButton"}]]}],[{"type":"component","dimension":{"xs":12,"sm":12,"md":12,"lg":12},"propertyValues":{"cssClasses":{"type":"constant","value":"bt-primario font"},"hidden":{"type":"constant","value":false},"disabled":{"type":"expression","value":"$form.$invalid"},"label":{"type":"interpolation","value":"Aplicar regla"},"alignment":{"type":"constant","value":"center"},"buttonStyle":{"type":"constant","value":"info"},"action":{"type":"constant","value":"PUT"},"url":{"type":"interpolation","value":"{{url_servicios}}reglas"},"dataToSend":{"type":"expression","value":"$item"},"dataFromSuccess":{"type":"variable","value":"msg"},"dataFromError":{"type":"variable","value":"msg"},"targetUrlOnSuccess":{"type":"interpolation"},"collectionToModify":{"type":"variable"},"collectionPosition":{"type":"constant","value":"Last"},"valueToAdd":{"type":"constant"},"removeItem":{"type":"variable"}},"reference":"460ab48c-c585-4c3e-9a5d-0c47a5316742","id":"pbButton"}],[{"type":"component","dimension":{"xs":12,"sm":12,"md":12,"lg":12},"propertyValues":{"cssClasses":{"type":"constant","value":""},"hidden":{"type":"expression","value":"!msg"},"text":{"type":"interpolation","value":"{{msg}}"},"alignment":{"type":"constant","value":"left"}},"reference":"2d036c86-7b1a-4246-9dc6-32c0e5876272","id":"pbText"}]]}}]]}]]}],[{"type":"container","dimension":{"xs":12,"sm":12,"md":12,"lg":12},"propertyValues":{"cssClasses":{"type":"constant","value":"Modal-overlay"},"hidden":{"type":"constant","value":false},"repeatedCollection":{"type":"variable","value":"temp.modal"}},"reference":"4c7b2bb5-ccfe-4e87-b05c-e0f77c26426b","rows":[[{"type":"container","dimension":{"xs":12,"sm":12,"md":12,"lg":12},"propertyValues":{"cssClasses":{"type":"constant","value":"Modal-content"},"hidden":{"type":"expression","value":"temp.modal[0] == 1;"},"repeatedCollection":{"type":"variable"}},"reference":"c1e7c38d-a89e-4741-ad4e-ba78de36a88b","rows":[[{"type":"component","dimension":{"xs":12,"sm":12,"md":12,"lg":12},"propertyValues":{"cssClasses":{"type":"constant","value":""},"hidden":{"type":"constant","value":false},"text":{"type":"interpolation","value":"<span class=\"glyphicon glyphicon-warning-sign\" aria-hidden=\"true\"></span> <strong>Sólo las reglas guardadas se copiarán a la plantilla. </strong>\n<br/><br/>\n<div class=\"text-center\"><strong>¿Está seguro?</strong></div>"},"alignment":{"type":"constant","value":"left"}},"reference":"24eebe89-c204-47e0-a8a8-9595557decf1","id":"pbText"}],[{"type":"component","dimension":{"xs":12,"sm":12,"md":6,"lg":6},"propertyValues":{"cssClasses":{"type":"constant","value":""},"hidden":{"type":"constant","value":false},"disabled":{"type":"constant","value":false},"label":{"type":"interpolation","value":"Cancelar"},"alignment":{"type":"constant","value":"right"},"buttonStyle":{"type":"constant","value":"danger"},"action":{"type":"constant","value":"Remove from collection"},"url":{"type":"interpolation"},"dataToSend":{"type":"constant"},"dataFromSuccess":{"type":"variable"},"dataFromError":{"type":"variable"},"targetUrlOnSuccess":{"type":"interpolation"},"collectionToModify":{"type":"variable","value":"temp.modal"},"collectionPosition":{"type":"constant","value":"First"},"valueToAdd":{"type":"constant"},"removeItem":{"type":"variable"}},"reference":"a786c941-9c78-49a4-9c21-a779c68a58a4","id":"pbButton"},{"type":"component","dimension":{"xs":12,"sm":12,"md":6,"lg":6},"propertyValues":{"cssClasses":{"type":"constant","value":"bt-primario"},"hidden":{"type":"constant","value":false},"disabled":{"type":"constant","value":false},"label":{"type":"interpolation","value":"Guardar reglas en plantilla"},"alignment":{"type":"constant","value":"left"},"buttonStyle":{"type":"constant","value":"default"},"action":{"type":"constant","value":"PUT"},"url":{"type":"interpolation","value":"{{url_servicios}}reglas/Plantillas/{{temp.categoriaSelected.name}}"},"dataToSend":{"type":"expression","value":"{\"accion\":\"guardar\"}}"},"dataFromSuccess":{"type":"variable","value":""},"dataFromError":{"type":"variable"},"targetUrlOnSuccess":{"type":"interpolation"},"collectionToModify":{"type":"variable"},"collectionPosition":{"type":"constant","value":"Last"},"valueToAdd":{"type":"constant"},"removeItem":{"type":"variable"}},"reference":"cae42b6c-45a4-476c-9f45-7efd83355fb5","id":"pbButton"}]]}],[{"type":"container","dimension":{"xs":12,"sm":12,"md":12,"lg":12},"propertyValues":{"cssClasses":{"type":"constant","value":"Modal-content"},"hidden":{"type":"expression","value":"temp.modal[0] != 1;"},"repeatedCollection":{"type":"variable"}},"reference":"d1781301-5e4c-4d1c-bbe3-4b1fda56cf96","rows":[[{"type":"component","dimension":{"xs":12,"sm":12,"md":12,"lg":12},"propertyValues":{"cssClasses":{"type":"constant","value":""},"hidden":{"type":"constant","value":false},"text":{"type":"interpolation","value":"<h3>Reglas guardadas en plantilla</h3>\n<pre>{{temp.plantilla | json}}</pre>"},"alignment":{"type":"constant","value":"left"}},"reference":"2657c6a6-d9f8-47b3-83e4-0bc9afce73d0","id":"pbText"}],[{"type":"component","dimension":{"xs":12,"sm":12,"md":6,"lg":6},"propertyValues":{"cssClasses":{"type":"constant","value":""},"hidden":{"type":"constant","value":false},"disabled":{"type":"constant","value":false},"label":{"type":"interpolation","value":"Cancelar"},"alignment":{"type":"constant","value":"right"},"buttonStyle":{"type":"constant","value":"danger"},"action":{"type":"constant","value":"Add to collection"},"url":{"type":"interpolation"},"dataToSend":{"type":"constant"},"dataFromSuccess":{"type":"variable"},"dataFromError":{"type":"variable"},"targetUrlOnSuccess":{"type":"interpolation"},"collectionToModify":{"type":"variable","value":"temp.modal"},"collectionPosition":{"type":"constant","value":"First"},"valueToAdd":{"type":"constant","value":"1"},"removeItem":{"type":"variable"}},"reference":"9e436d91-f2ce-4c26-9b29-68f47ce4db60","id":"pbButton"},{"type":"component","dimension":{"xs":12,"sm":12,"md":6,"lg":6},"propertyValues":{"cssClasses":{"type":"constant","value":"bt-secundario"},"hidden":{"type":"constant","value":false},"disabled":{"type":"constant","value":false},"label":{"type":"interpolation","value":"Restaurar plantilla"},"alignment":{"type":"constant","value":"left"},"buttonStyle":{"type":"constant","value":"default"},"action":{"type":"constant","value":"PUT"},"url":{"type":"interpolation","value":"{{url_servicios}}reglas/Plantillas/{{temp.categoriaSelected.name}}"},"dataToSend":{"type":"constant","value":"{\"accion\":\"restaurar\"}}"},"dataFromSuccess":{"type":"variable","value":"reglasCargadas"},"dataFromError":{"type":"variable"},"targetUrlOnSuccess":{"type":"interpolation"},"collectionToModify":{"type":"variable"},"collectionPosition":{"type":"constant","value":"Last"},"valueToAdd":{"type":"constant"},"removeItem":{"type":"variable"}},"reference":"c26e9d1a-55a8-48e0-ad5a-2542be7a3fcb","id":"pbButton"}]]}]]}],[{"type":"container","dimension":{"xs":12,"sm":12,"md":12,"lg":12},"propertyValues":{"cssClasses":{"type":"constant","value":""},"hidden":{"type":"constant","value":true},"repeatedCollection":{"type":"variable"}},"reference":"b41f2efb-30d4-4be3-98e6-ac53d740e50a","rows":[[{"type":"component","dimension":{"xs":12,"sm":12,"md":12,"lg":12},"propertyValues":{"cssClasses":{"type":"constant","value":""},"hidden":{"type":"constant","value":false},"text":{"type":"interpolation","value":"Debug"},"level":{"type":"constant","value":"Level 2"},"alignment":{"type":"constant","value":"center"}},"reference":"b826022b-7548-4812-a385-3be602d7918d","id":"pbTitle"}],[{"type":"component","dimension":{"xs":12,"sm":12,"md":6,"lg":6},"propertyValues":{"cssClasses":{"type":"constant","value":""},"hidden":{"type":"constant","value":false},"text":{"type":"interpolation","value":"temp<pre>{{temp | json}}</pre>\nreglasActuales <pre>{{reglasActuales | json}}</pre>"},"alignment":{"type":"constant","value":"left"}},"reference":"a1de7a5e-d71f-4e88-bb59-aee0c9efebf9","id":"pbText"},{"type":"component","dimension":{"xs":12,"sm":12,"md":6,"lg":6},"propertyValues":{"cssClasses":{"type":"constant","value":""},"hidden":{"type":"constant","value":false},"text":{"type":"interpolation","value":"usuariosEnCategoria <pre>{{usuariosEnCategoria | json}}</pre>\n\nusuariosSeleccionados <pre>{{usuariosSeleccionados | json}}</pre>\n\nusuariosListado <pre>{{usuariosListado | json}}</pre>\n\nreglasCargadas <pre>{{reglasCargadas | json}}</pre>\nws_reglas_get <pre>{{ws_reglas_get | json}}</pre>"},"alignment":{"type":"constant","value":"left"}},"reference":"d850bd0e-8770-401c-83ad-6a83038c3271","id":"pbText"}],[{"type":"component","dimension":{"xs":12,"sm":12,"md":12,"lg":12},"propertyValues":{"cssClasses":{"type":"constant","value":""},"hidden":{"type":"constant","value":false},"text":{"type":"interpolation","value":"ws_parametria <pre>{{ws_parametria | json}}</pre>"},"alignment":{"type":"constant","value":"left"}},"reference":"5e3fe804-4bf3-4a6b-8209-d1508d39e2fb","id":"pbText"}],[{"type":"component","dimension":{"xs":12,"sm":12,"md":6,"lg":6},"propertyValues":{"cssClasses":{"type":"constant","value":""},"hidden":{"type":"constant","value":false},"text":{"type":"interpolation","value":"categorias<pre>{{categorias| json}}</pre>\nusuariosSeleccionados<pre>{{usuariosSeleccionados | json}}</pre>\nregla<pre>{{regla| json}}</pre>"},"alignment":{"type":"constant","value":"left"}},"reference":"391f31d7-e1c7-41af-a3bd-0fd5370e7acd","id":"pbText"},{"type":"component","dimension":{"xs":12,"sm":12,"md":6,"lg":6},"propertyValues":{"cssClasses":{"type":"constant","value":""},"hidden":{"type":"constant","value":false},"text":{"type":"interpolation","value":"guardarReglas<pre>{{guardarReglas | json}}</pre>"},"alignment":{"type":"constant","value":"left"}},"reference":"cdced790-90e5-4b54-940f-6a4583e789ef","id":"pbText"}],[{"type":"component","dimension":{"xs":12,"sm":12,"md":6,"lg":6},"propertyValues":{"cssClasses":{"type":"constant","value":""},"hidden":{"type":"constant","value":false},"text":{"type":"interpolation","value":"temp<pre>{{temp| json}}</pre>"},"alignment":{"type":"constant","value":"left"}},"reference":"743fcc35-16f1-4e0f-bb33-4327d61b4f6f","id":"pbText"},{"type":"component","dimension":{"xs":12,"sm":12,"md":6,"lg":6},"propertyValues":{"cssClasses":{"type":"constant","value":""},"hidden":{"type":"constant","value":false},"text":{"type":"interpolation","value":"bdm_reglas_filtro<pre>{{bdm_reglas_filtro| json}}</pre>"},"alignment":{"type":"constant","value":"left"}},"reference":"2f49b9f0-71eb-492c-a59d-a7bd71dd3418","id":"pbText"}]]}]],"assets":[{"id":"67d2f6fd-ecab-4ed4-bd59-3611eeba4f96","name":"modal.css","type":"css","order":3,"external":false},{"id":"5ba35dc6-9ec6-4c5f-b511-e6b3cb3cd369","name":"https://unpkg.com/rxjs/bundles/Rx.min.js","type":"js","order":2,"external":true},{"id":"6bf10295-55bf-4a0c-a229-00ce40f9e13e","name":"localization.json","type":"json","order":0,"external":false},{"id":"68436309-7af3-47ff-9e1a-38f0bf885433","name":"style.css","type":"css","order":1,"external":false}],"inactiveAssets":["5ba35dc6-9ec6-4c5f-b511-e6b3cb3cd369"],"data":{"processList":{"type":"url","value":"../API/bpm/process?p=0&c=100","exposed":false},"temp":{"type":"json","value":"{\n    \"final\":[],\n    \"toaster\": []\n}","exposed":false},"regla":{"type":"expression","value":"Array.prototype.concatAll = function() {\n\tvar results = [];\n\tthis.forEach(function(subArray) {\n\t\tresults.push.apply(results, subArray);\n\t});\n\n\treturn results;\n};\n\nArray.prototype.equals = function (array) {\n    // if the other array is a falsy value, return\n    if (!array)\n        return false;\n\n    // compare lengths - can save a lot of time \n    if (this.length != array.length)\n        return false;\n\n    for (var i = 0, l=this.length; i < l; i++) {\n        // Check if we have nested arrays\n        if (this[i] instanceof Array && array[i] instanceof Array) {\n            // recurse into the nested arrays\n            if (!this[i].equals(array[i]))\n                return false;       \n        }           \n        else if (this[i] != array[i]) { \n            // Warning - two different object instances will never be equal: {x:20} != {x:20}\n            return false;   \n        }           \n    }       \n    return true;\n};\n// Hide method from for-in loops\nObject.defineProperty(Array.prototype, \"equals\", {enumerable: false});\n\n\nif($data.temp.categoriaSelected){\n    //console.log(\"categoría seleccionada - creado estructura de reglas\");\n    var structure = {\n        \"catId\": $data.temp.categoriaSelected.name,\n        \"lastModified\": new Date(),\n        \"restricciones\": [],\n        \"prioridades\": [],\n        \"ordenes\": []\n      };\n}\n\n\n// Controlador de carga de plantilla: setea $data.temp.usuariosCargadosLista\n\n\n// listado de usuarios disponibles \nif($data.usuariosEnCategoria && $data.usuariosEnCategoria.length > 0){\n    //si se carga desde plantilla\n    //console.log(\"regla cargada\");\n    if(($data.reglasCargadas && $data.reglasCargadas.length > 0) &&\n        (!$data.temp.reglasCargadasOld || !$data.reglasCargadas.equals($data.temp.reglasCargadasOld))){\n        $data.temp.reglasCargadasOld = $data.reglasCargadas;\n        var usuarioCargado = {};\n        $data.temp.usuariosCargadosLista = [];\n        \n        // añadimos el listado de usuarios cargados desde las reglas cargadas\n        $data.reglasCargadas.map(function(elem){\n            usuarioCargado.id = elem.userId;\n            usuarioCargado.name = elem.userName;\n            usuarioCargado.ticked = true;\n            $data.temp.usuariosCargadosLista.push(usuarioCargado);\n        });\n        \n        if(($data.temp.usuariosCargadosLista && $data.temp.usuariosCargadosLista.length > 0) &&\n            (!$data.temp.usuariosCargadosListaOld || !$data.temp.usuariosCargadosLista.equals($data.temp.usuariosCargadosListaOld))){\n            \n            $data.temp.usuariosCargadosListaOld = $data.temp.usuariosCargadosLista;\n            \n            // añadimos ticked = true a los usuarios cargados\n            $data.usuariosListado = $data.usuariosEnCategoria.map(function(userAPI){\n                $data.temp.usuariosCargadosLista.map(function(userCargado){\n                    if(userAPI.id == userCargado.id){\n                        userAPI.ticked = true;\n                    }else{\n                        userAPI.ticked = false;\n                    }\n                });\n            });\n            \n            //añadimos los usuarios cargados como selecionados\n            $data.usuariosSeleccionados = $data.temp.usuariosCargadosLista;\n            //añadimos las reglas cargadas\n            $data.ws_reglas_get = $data.reglasCargadas;\n                \n        }\n    }else{\n        // si no se carga desde plantilla\n        //console.log(\"usuarios desde ws\");\n        $data.usuariosListado = $data.usuariosEnCategoria;\n    }\n}\n\n\n\n\n// Controlador de reglas\nif(($data.usuariosSeleccionados && $data.usuariosSeleccionados.length > 0 && $data.ws_parametria)  && \n    (!$data.temp.usuariosSeleccionadosOld || !$data.usuariosSeleccionados.equals($data.temp.usuariosSeleccionadosOld) )){\n    //console.log(\"nuevo usuario seleccionado\");\n    $data.temp.usuariosSeleccionadosOld = $data.usuariosSeleccionados;\n    \n    //if($data.ws_reglas_get && $data.ws_reglas_get.length > 0){\n    if($data.ws_reglas_get){\n    \n        $data.reglasActuales = $data.usuariosSeleccionados.map(function(user){\n        \n            var reglas = $data.ws_reglas_get.filter(function(regla){\n                return regla.userId == user.id;\n            });\n            if(reglas.length === 0){\n                structure.userId = user.id;\n                structure.userName = user.name;\n                return new Array(angular.copy(structure));\n            }else{\n                return reglas;\n            }\n        }).concatAll();\n        //console.log(\"tras concat: \",  $data.reglasActuales);\n    }\n}\n\nif($data.usuariosSeleccionados && $data.usuariosSeleccionados.length === 0){\n    //console.log(\"sin usuarios seleccionados - ocultando reglas\");\n    $data.reglasActuales = [];\n}\n\nif($data.reglasCargadas && $data.reglasCargadas.length > 0){\n    $data.temp.modal = [];\n    $data.reglasCargadas = [];\n    $data.temp.toaster.push({\n        \"text\":\"Reglas cargadas desde plantilla \",\n        \"title\":\"Restauración desde plantilla\",\n        \"type\":\"success\"\n    });\n    $data.temp.plantilla = [];\n}\n\nif($data.temp.modal && $data.temp.modal.length > 1){\n    $data.temp.modal = [];\n    $data.temp.plantilla = [];\n}\nif($data.temp.plantilla && $data.temp.plantilla.length > 0 ){\n    $data.temp.modal = [1];\n}\n\n// añadir toaster al guardar a plantilla\nif($data.msg){\n    $data.temp.toaster.push({\n        \"text\": $data.msg,\n        \"title\":\"Respuesta del servidor\",\n        \"type\":\"success\"\n    });\n}","exposed":false},"msg":{"type":"constant","exposed":false},"Acontroler":{"type":"expression","value":"if($data.msg && $data.msg.caseId !== null){\n    alert(\"Las reglas se han guardado\");\n    $data.temp.userSelected = undefined;\n    $data.msg = undefined;\n}","exposed":false},"categorias":{"type":"url","value":"../API/bpm/category?p=0&c=20","exposed":false},"usuariosEnCategoria":{"type":"url","value":"../API/extension/userListByProcessCategory?categoryId={{temp.categoriaSelected.id}}&p=0&c=100","exposed":false},"parametria":{"type":"json","value":"{\r\n\t\"catId\": \"102\",\r\n\t\"campos\":[\r\n\t\t{\r\n\t\t\t\"nombre\":\"Monto\",\r\n\t\t\t\"condicion\":[\r\n\t\t\t\t{\r\n\t\t\t\t\t\"key\":\">=\",\r\n\t\t\t\t\t\"value\":\"mayorIgualQue\"\r\n\t\t\t\t},\r\n\t\t\t\t{\r\n\t\t\t\t\t\"key\":\"<=\",\r\n\t\t\t\t\t\"value\":\"menorIgualQue\"\r\n\t\t\t\t},\r\n\t\t\t\t{\r\n\t\t\t\t\t\"key\":\"=\",\r\n\t\t\t\t\t\"value\":\"igual\"\r\n\t\t\t\t},\r\n\t\t\t\t{\r\n\t\t\t\t\t\"key\":\"BETWEEN\",\r\n\t\t\t\t\t\"value\":\"entre\"\r\n\t\t\t\t}\r\n\r\n\t\t\t],\r\n\t\t\t\"tipoValor\":\"numerico\",\r\n\t\t\t\"valorReferencia\": \"\"\r\n\t\t},\r\n\t\t{\r\n\t\t\t\"nombre\":\"Producto\",\r\n\t\t\t\"condicion\":[\r\n\t\t\t\t{\r\n\t\t\t\t\t\"key\":\"=\",\r\n\t\t\t\t\t\"value\":\"igual\"\r\n\t\t\t\t},\r\n\t\t\t\t{\r\n\t\t\t\t\t\"key\":\"!=\",\r\n\t\t\t\t\t\"value\":\"distinto\"\r\n\t\t\t\t},\r\n\t\t\t\t{\r\n\t\t\t\t\t\"key\":\"IN\",\r\n\t\t\t\t\t\"value\":\"dentro de\"\r\n\t\t\t\t}\r\n\t\t\t],\r\n\t\t\t\"tipoValor\":\"seleccion\",\r\n\t\t\t\"valorReferencia\":[\r\n\t\t\t\t{\r\n\t\t\t\t\t\"key\":\"Vehiculo\",\r\n\t\t\t\t\t\"value\":\"vehiculo\"\r\n\t\t\t\t},\r\n\t\t\t\t{\r\n\t\t\t\t\t\"key\":\"Libranzas\",\r\n\t\t\t\t\t\"value\":\"libranzas\"\r\n\t\t\t\t}\r\n\t\t\t]\r\n\t\t},\r\n\t\t{\r\n\t\t\t\"nombre\":\"TechnoIndividual\",\r\n\t\t\t\"condicion\":[\r\n\t\t\t\t{\r\n\t\t\t\t\t\"key\":\">=\",\r\n\t\t\t\t\t\"value\":\"mayorIgualQue\"\r\n\t\t\t\t},\r\n\t\t\t\t{\r\n\t\t\t\t\t\"key\":\"<=\",\r\n\t\t\t\t\t\"value\":\"menorIgualQue\"\r\n\t\t\t\t},\r\n\t\t\t\t{\r\n\t\t\t\t\t\"key\":\"=\",\r\n\t\t\t\t\t\"value\":\"igual\"\r\n\t\t\t\t},\r\n\t\t\t\t{\r\n\t\t\t\t\t\"key\":\"BETWEEN\",\r\n\t\t\t\t\t\"value\":\"entre\"\r\n\t\t\t\t}\r\n\r\n\t\t\t],\r\n\t\t\t\"tipoValor\":\"numerico\",\r\n\t\t\t\"valorReferencia\": \"\"\r\n\t\t},\r\n\t\t{\r\n\t\t\t\"nombre\":\"TechoGlobal\",\r\n\t\t\t\"condicion\":[\r\n\t\t\t\t{\r\n\t\t\t\t\t\"key\":\">=\",\r\n\t\t\t\t\t\"value\":\"mayorIgualQue\"\r\n\t\t\t\t},\r\n\t\t\t\t{\r\n\t\t\t\t\t\"key\":\"<=\",\r\n\t\t\t\t\t\"value\":\"menorIgualQue\"\r\n\t\t\t\t},\r\n\t\t\t\t{\r\n\t\t\t\t\t\"key\":\"=\",\r\n\t\t\t\t\t\"value\":\"igual\"\r\n\t\t\t\t},\r\n\t\t\t\t{\r\n\t\t\t\t\t\"key\":\"BETWEEN\",\r\n\t\t\t\t\t\"value\":\"entre\"\r\n\t\t\t\t}\r\n\r\n\t\t\t],\r\n\t\t\t\"tipoValor\":\"numerico\",\r\n\t\t\t\"valorReferencia\": \"\"\r\n\t\t},\r\n\t\t{\r\n\t\t\t\"nombre\":\"FuerzaVenta\",\r\n\t\t\t\"condicion\":[\r\n\t\t\t\t{\r\n\t\t\t\t\t\"key\":\">=\",\r\n\t\t\t\t\t\"value\":\"mayorIgualQue\"\r\n\t\t\t\t},\r\n\t\t\t\t{\r\n\t\t\t\t\t\"key\":\"<=\",\r\n\t\t\t\t\t\"value\":\"menorIgualQue\"\r\n\t\t\t\t},\r\n\t\t\t\t{\r\n\t\t\t\t\t\"key\":\"=\",\r\n\t\t\t\t\t\"value\":\"igual\"\r\n\t\t\t\t},\r\n\t\t\t\t{\r\n\t\t\t\t\t\"key\":\"BETWEEN\",\r\n\t\t\t\t\t\"value\":\"entre\"\r\n\t\t\t\t}\r\n\r\n\t\t\t],\r\n\t\t\t\"tipoValor\":\"numerico\",\r\n\t\t\t\"valorReferencia\": \"\"\r\n\t\t},\r\n\t\t{\r\n\t\t\t\"nombre\":\"TipoCliente\",\r\n\t\t\t\"condicion\":[\r\n\t\t\t\t{\r\n\t\t\t\t\t\"key\":\"=\",\r\n\t\t\t\t\t\"value\":\"igual\"\r\n\t\t\t\t},\r\n\t\t\t\t{\r\n\t\t\t\t\t\"key\":\"!=\",\r\n\t\t\t\t\t\"value\":\"distinto\"\r\n\t\t\t\t},\r\n\t\t\t\t{\r\n\t\t\t\t\t\"key\":\"IN\",\r\n\t\t\t\t\t\"value\":\"dentro de\"\r\n\t\t\t\t}\r\n\t\t\t],\r\n\t\t\t\"tipoValor\":\"seleccion\",\r\n\t\t\t\"valorReferencia\":[\r\n\t\t\t\t{\r\n\t\t\t\t\t\"key\":\"VIP\",\r\n\t\t\t\t\t\"value\":\"vip\"\r\n\t\t\t\t},\r\n\t\t\t\t{\r\n\t\t\t\t\t\"key\":\"Especial\",\r\n\t\t\t\t\t\"value\":\"especial\"\r\n\t\t\t\t}\r\n\t\t\t]\r\n\t\t},\r\n\t\t{\r\n\t\t\t\"nombre\":\"NombreConvenio\",\r\n\t\t\t\"condicion\":[\r\n\t\t\t\t{\r\n\t\t\t\t\t\"key\":\"=\",\r\n\t\t\t\t\t\"value\":\"igual\"\r\n\t\t\t\t},\r\n\t\t\t\t{\r\n\t\t\t\t\t\"key\":\"!=\",\r\n\t\t\t\t\t\"value\":\"distinto\"\r\n\t\t\t\t},\r\n\t\t\t\t{\r\n\t\t\t\t\t\"key\":\"IN\",\r\n\t\t\t\t\t\"value\":\"dentro de\"\r\n\t\t\t\t}\r\n\t\t\t],\r\n\t\t\t\"tipoValor\":\"seleccion\",\r\n\t\t\t\"valorReferencia\":[\r\n\t\t\t\t{\r\n\t\t\t\t\t\"key\":\"Accionistas\",\r\n\t\t\t\t\t\"value\":\"accionistas\"\r\n\t\t\t\t},\r\n\t\t\t\t{\r\n\t\t\t\t\t\"key\":\"Trabajadores\",\r\n\t\t\t\t\t\"value\":\"trabajadores\"\r\n\t\t\t\t}\r\n\t\t\t]\r\n\t\t}\r\n\t]\r\n}","exposed":false},"reglasListado":{"type":"json","value":"[]","exposed":false},"usuariosSeleccionados":{"type":"json","value":"[]","exposed":false},"JSONstructure":{"type":"json","value":"{\r\n    \"restricciones\": [],\r\n    \"prioridades\": [],\r\n    \"ordenes\": []\r\n}\r\n","exposed":false},"ws_parametria":{"type":"url","value":"{{url_servicios}}parametria/{{temp.categoriaSelected.name}}","exposed":false},"ws_reglas_get":{"type":"url","value":"{{url_servicios}}reglas/{{temp.categoriaSelected.name}}","exposed":false},"reglasActuales":{"type":"json","value":"[]","exposed":false},"reglasCargadas":{"type":"json","value":"[]","exposed":false},"usuariosListado":{"type":"json","value":"[]","exposed":false},"url_servicios":{"type":"constant","value":"http://192.168.10.8:8088/services/","exposed":false}}}