{"designerVersion":"1.4.34","id":"59e291c7-022a-43e1-bccf-db31973a6e66","name":"prioridad","type":"fragment","lastUpdate":1507902542424,"rows":[[{"type":"container","dimension":{"xs":12,"sm":12,"md":12,"lg":12},"propertyValues":{"cssClasses":{"type":"constant","value":""},"hidden":{"type":"constant","value":false},"repeatedCollection":{"type":"variable"}},"reference":"fb2b5092-f252-4735-b0bc-021e033da2af","rows":[[{"type":"component","dimension":{"xs":12,"sm":12,"md":3,"lg":3},"propertyValues":{"cssClasses":{"type":"constant","value":""},"hidden":{"type":"constant","value":false},"disabled":{"type":"constant","value":false},"required":{"type":"constant","value":true},"labelHidden":{"type":"constant","value":true},"label":{"type":"interpolation","value":"Restricción"},"labelPosition":{"type":"constant","value":"top"},"labelWidth":{"type":"constant","value":4},"placeholder":{"type":"interpolation","value":"Seleccione restricción"},"availableValues":{"type":"expression","value":"parametria.campos"},"displayedKey":{"type":"constant","value":"nombre"},"returnedKey":{"type":"constant","value":""},"value":{"type":"variable","value":"temp.parametria"}},"reference":"0daec83a-f67d-4a96-81ed-cabbc60d771f","id":"pbSelect"},{"type":"container","dimension":{"xs":12,"sm":12,"md":7,"lg":7},"propertyValues":{"cssClasses":{"type":"constant","value":""},"hidden":{"type":"expression","value":"temp.parametria.tipoValor != \"numerico\""},"repeatedCollection":{"type":"variable"}},"reference":"b036ceba-d0ed-4d9a-bb3f-4aa7fd482550","rows":[[{"type":"component","dimension":{"xs":12,"sm":12,"md":4,"lg":4},"propertyValues":{"cssClasses":{"type":"constant","value":""},"hidden":{"type":"constant","value":false},"disabled":{"type":"constant","value":false},"required":{"type":"constant","value":false},"labelHidden":{"type":"constant","value":true},"label":{"type":"interpolation","value":"Condición"},"labelPosition":{"type":"constant","value":"top"},"labelWidth":{"type":"constant","value":4},"placeholder":{"type":"interpolation","value":"Condición"},"availableValues":{"type":"expression","value":"temp.parametria.condicion"},"displayedKey":{"type":"constant","value":"value"},"returnedKey":{"type":"constant","value":"key"},"value":{"type":"variable","value":"temp.condicion"}},"reference":"8e945f04-be03-47f9-b5f0-72a70e5e2515","id":"pbSelect"},{"type":"container","dimension":{"xs":12,"sm":12,"md":8,"lg":8},"propertyValues":{"cssClasses":{"type":"constant","value":""},"hidden":{"type":"expression","value":"temp.condicion != \"BETWEEN\""},"repeatedCollection":{"type":"variable"}},"reference":"2b5a74e5-9832-455a-b57c-f5ad96cac450","rows":[[{"type":"component","dimension":{"xs":12,"sm":12,"md":6,"lg":6},"propertyValues":{"cssClasses":{"type":"constant","value":""},"hidden":{"type":"constant","value":false},"required":{"type":"constant","value":false},"minLength":{"type":"constant","value":""},"maxLength":{"type":"constant","value":""},"readOnly":{"type":"constant","value":false},"labelHidden":{"type":"constant","value":true},"label":{"type":"interpolation","value":"Valor inicial"},"labelPosition":{"type":"constant","value":"top"},"labelWidth":{"type":"constant","value":4},"placeholder":{"type":"interpolation","value":"Inicial"},"value":{"type":"variable","value":"item.valor[0]"},"type":{"type":"constant","value":"text"},"min":{"type":"constant"},"max":{"type":"constant"},"step":{"type":"constant","value":1}},"reference":"10808ac7-9403-4a32-b282-15cade254742","id":"pbInput"},{"type":"component","dimension":{"xs":12,"sm":12,"md":6,"lg":6},"propertyValues":{"cssClasses":{"type":"constant","value":""},"hidden":{"type":"constant","value":false},"required":{"type":"constant","value":false},"minLength":{"type":"constant","value":""},"maxLength":{"type":"constant","value":""},"readOnly":{"type":"constant","value":false},"labelHidden":{"type":"constant","value":true},"label":{"type":"interpolation","value":"Valor final"},"labelPosition":{"type":"constant","value":"top"},"labelWidth":{"type":"constant","value":4},"placeholder":{"type":"interpolation","value":"Final"},"value":{"type":"variable","value":"item.valor[1]"},"type":{"type":"constant","value":"text"},"min":{"type":"constant"},"max":{"type":"constant"},"step":{"type":"constant","value":1}},"reference":"af24612b-48dc-40bb-945c-c0cdc7eed09a","id":"pbInput"}]]},{"type":"container","dimension":{"xs":12,"sm":12,"md":8,"lg":8},"propertyValues":{"cssClasses":{"type":"constant","value":""},"hidden":{"type":"expression","value":"temp.condicion == \"BETWEEN\""},"repeatedCollection":{"type":"variable"}},"reference":"72eef61a-6a05-4983-9261-9e89629faede","rows":[[{"type":"component","dimension":{"xs":12,"sm":12,"md":12,"lg":12},"propertyValues":{"cssClasses":{"type":"constant","value":""},"hidden":{"type":"constant","value":false},"required":{"type":"constant","value":true},"minLength":{"type":"constant","value":""},"maxLength":{"type":"constant","value":""},"readOnly":{"type":"constant","value":false},"labelHidden":{"type":"constant","value":true},"label":{"type":"interpolation","value":"Valor de referencia"},"labelPosition":{"type":"constant","value":"top"},"labelWidth":{"type":"constant","value":4},"placeholder":{"type":"interpolation","value":""},"value":{"type":"variable","value":"item.valor[0]"},"type":{"type":"constant","value":"text"},"min":{"type":"constant"},"max":{"type":"constant"},"step":{"type":"constant","value":1}},"reference":"e3aa1c25-e6a5-457b-8659-8729a98b9f4f","id":"pbInput"}]]}]]},{"type":"container","dimension":{"xs":12,"sm":12,"md":7,"lg":7},"propertyValues":{"cssClasses":{"type":"constant","value":""},"hidden":{"type":"expression","value":"temp.parametria.tipoValor != \"seleccion\""},"repeatedCollection":{"type":"variable"}},"reference":"ac96dfb1-3634-4091-b06c-aecc0567f8cb","rows":[[{"type":"component","dimension":{"xs":12,"sm":12,"md":4,"lg":4},"propertyValues":{"cssClasses":{"type":"constant","value":""},"hidden":{"type":"constant","value":false},"disabled":{"type":"constant","value":false},"required":{"type":"constant","value":true},"labelHidden":{"type":"constant","value":true},"label":{"type":"interpolation","value":"Condición"},"labelPosition":{"type":"constant","value":"top"},"labelWidth":{"type":"constant","value":4},"placeholder":{"type":"interpolation","value":"Condición"},"availableValues":{"type":"expression","value":"temp.parametria.condicion"},"displayedKey":{"type":"constant","value":"value"},"returnedKey":{"type":"constant","value":"key"},"value":{"type":"variable","value":"temp.condicion"}},"reference":"84afab16-69b9-482b-983e-48bd6c44af84","id":"pbSelect"},{"type":"container","dimension":{"xs":12,"sm":12,"md":8,"lg":8},"propertyValues":{"cssClasses":{"type":"constant","value":""},"hidden":{"type":"expression","value":"temp.condicion == \"IN\""},"repeatedCollection":{"type":"variable"}},"reference":"0b6a7147-9048-45a4-9629-17c2a33e8986","rows":[[{"type":"component","dimension":{"xs":12,"sm":12,"md":12,"lg":12},"propertyValues":{"cssClasses":{"type":"constant","value":""},"hidden":{"type":"constant","value":false},"disabled":{"type":"constant","value":false},"required":{"type":"constant","value":true},"labelHidden":{"type":"constant","value":true},"label":{"type":"interpolation","value":"Valor de referencia"},"labelPosition":{"type":"constant","value":"top"},"labelWidth":{"type":"constant","value":4},"placeholder":{"type":"interpolation","value":"Valor"},"availableValues":{"type":"expression","value":"temp.parametria.valorReferencia"},"displayedKey":{"type":"constant","value":"value"},"returnedKey":{"type":"constant","value":"key"},"value":{"type":"variable","value":"item.valor[0]"}},"reference":"0ee11e2f-ba25-43fd-ad3d-51e45e9e766d","id":"pbSelect"}]]},{"type":"container","dimension":{"xs":12,"sm":12,"md":8,"lg":8},"propertyValues":{"cssClasses":{"type":"constant","value":""},"hidden":{"type":"expression","value":"temp.condicion != \"IN\""},"repeatedCollection":{"type":"variable"}},"reference":"6d088be1-871e-4a36-90f7-8c208f5c5dfe","rows":[[{"type":"component","dimension":{"xs":12,"sm":12,"md":12,"lg":12},"propertyValues":{"cssClasses":{"type":"constant","value":""},"hidden":{"type":"constant","value":false},"value":{"type":"variable","value":"temp.valorMultiPrio"},"availableValues":{"type":"expression","value":"temp.parametria.valorReferencia"},"buttonLabel":{"type":"constant","value":"value"},"itemLabel":{"type":"constant","value":"value"},"outputProperties":{"type":"constant","value":"key"},"required":{"type":"constant","value":false},"labelPosition":{"type":"constant","value":"top"},"label":{"type":"interpolation","value":"Multi-selector"},"labelWidth":{"type":"constant","value":4},"labelHidden":{"type":"constant","value":true}},"reference":"3cb3b26d-0bd9-4633-9d61-b7a76b56ece8","id":"customMultiSelection"}]]}]]},{"type":"component","dimension":{"xs":12,"sm":12,"md":2,"lg":2},"propertyValues":{"cssClasses":{"type":"constant","value":""},"hidden":{"type":"constant","value":false},"required":{"type":"constant","value":false},"minLength":{"type":"constant","value":""},"maxLength":{"type":"constant","value":""},"readOnly":{"type":"constant","value":false},"labelHidden":{"type":"constant","value":true},"label":{"type":"interpolation","value":"Default label"},"labelPosition":{"type":"constant","value":"top"},"labelWidth":{"type":"constant","value":4},"placeholder":{"type":"interpolation","value":"Peso"},"value":{"type":"variable","value":"item.peso"},"type":{"type":"constant","value":"text"},"min":{"type":"constant"},"max":{"type":"constant"},"step":{"type":"constant","value":1}},"reference":"9959a468-1a68-47bd-9647-5d01f4c359c2","id":"pbInput"}]]}],[{"type":"container","dimension":{"xs":12,"sm":12,"md":12,"lg":12},"propertyValues":{"cssClasses":{"type":"constant","value":""},"hidden":{"type":"constant","value":true},"repeatedCollection":{"type":"variable"}},"reference":"81f57ea5-906b-40b0-bf7f-1f2094933a8f","rows":[[{"type":"component","dimension":{"xs":12,"sm":12,"md":6,"lg":6},"propertyValues":{"cssClasses":{"type":"constant","value":""},"hidden":{"type":"constant","value":false},"text":{"type":"interpolation","value":"item <pre>{{item | json }}</pre>"},"alignment":{"type":"constant","value":"left"}},"reference":"1e322911-8de9-409b-a5f8-4438dbcad4bf","id":"pbText"},{"type":"component","dimension":{"xs":12,"sm":12,"md":6,"lg":6},"propertyValues":{"cssClasses":{"type":"constant","value":""},"hidden":{"type":"constant","value":false},"text":{"type":"interpolation","value":"temp <pre>{{temp | json }}</pre>"},"alignment":{"type":"constant","value":"left"}},"reference":"ff27140b-0736-432b-82c4-040ca019719a","id":"pbText"}]]}]],"assets":[],"inactiveAssets":[],"data":{"parametria":{"type":"constant","exposed":true},"item":{"type":"constant","exposed":true},"temp":{"type":"json","value":"{}","exposed":false},"exp_calcularOutput":{"type":"expression","value":"//primera iteracion\nif($data.parametria){\n    if($data.item.nombre && !$data.temp.parametria){\n        \n        $data.temp.parametria = $data.parametria.campos.filter(function(param){\n            return $data.item.nombre == param.nombre;\n        });\n        if($data.temp.parametria && $data.temp.parametria.length >0){\n            $data.temp.parametria = $data.temp.parametria[0];\n        }\n        $data.temp.parametriaOld = $data.temp.parametria;\n        \n    }\n    if($data.item.condicion && !$data.temp.condicion){\n       $data.temp.condicion = $data.temp.parametria.condicion.filter(function(condicion){\n            return $data.item.condicion == condicion.key;\n        });\n        if($data.temp.condicion && $data.temp.condicion.length >0){\n           $data.temp.condicion = $data.temp.condicion[0].key;\n        }\n        $data.temp.condicionOld = $data.temp.condicion;\n    }\n}\n\nif($data.temp.parametria && $data.temp.parametria !== $data.temp.parametriaOld ){\n        $data.item.nombre = $data.temp.parametria.nombre;\n        $data.temp.parametriaOld = $data.temp.parametria;\n} \n    \nif($data.temp.condicion && $data.temp.condicion !== $data.temp.condicionOld  ){   \n    $data.item.condicion = $data.temp.condicion;\n    $data.temp.condicionOld = $data.temp.condicion;\n}\n\nif($data.temp.parametria && !$data.temp.valorMultiPrio && $data.item.valor){\n    $data.temp.valorMultiPrio = [];\n    $data.item.valor.map(function(valor){\n        $data.temp.valorMultiPrio.push({\"key\": valor});\n        \n        var vRef = $data.temp.parametria.valorReferencia.map(function(valorRef){\n            if(valorRef.key == valor)\n                valorRef.ticked = true;\n            return valorRef;\n        });\n        $data.temp.parametria.valorReferencia = vRef;\n    });\n    \n    console.log(\"sin valorMultiPrio+++ valorMultiPrio: \",$data.temp.valorMultiPrio, \" valor: \", $data.item.valor );\n}else{\n    if($data.temp.valorMultiPrio && $data.temp.valorMultiPrio.length > 0 && $data.temp.condicion == \"IN\"){\n        $data.item.valor = [];\n        $data.temp.valorMultiPrio.map(function(valorM){\n            $data.item.valor.push(valorM.key);\n        });\n        console.log(\"CON valorMultiPrio+++ valorMultiPrio: \",$data.temp.valorMultiPrio, \" valor: \", $data.item.valor );\n    }\n}\n\n\nif($data.temp.condicion != \"IN\"){\n    console.log(\"!== IN 1 valorMultiPrio+++ valorMultiPrio: \",$data.temp, \" valor: \", $data.item.valor );\n    if($data.temp.condicion != \"BETWEEN\"){\n        console.log(\"!== BETWEEN 1 valorMultiPrio+++ valor: \", $data.item.valor );\n        $data.item.valor = [$data.item.valor[0]];\n        console.log(\"!== BETWEEN 2 valorMultiPrio+++ valorMultiPrio: \",$data.temp, \" valor: \", $data.item.valor );\n    }else{\n        console.log(\"== BETWEEN 1 valorMultiPrio+++ valor: \", $data.item.valor );\n        $data.item.valor =[$data.item.valor[0],$data.item.valor[1]];\n        console.log(\"== BETWEEN 2 valorMultiPrio+++ valor: \", $data.item.valor );\n    }\n    \n}\n\n","exposed":false}}}