{
  "designerVersion" : "1.7.25",
  "previousDesignerVersion" : "1.4.34",
  "id" : "68effc3b-26b6-4380-90dd-586749ba00ae",
  "name" : "restriccion",
  "lastUpdate" : 1532818724047,
  "rows" : [ [ {
    "type" : "container",
    "dimension" : {
      "xs" : 12,
      "sm" : 12,
      "md" : 12,
      "lg" : 12
    },
    "propertyValues" : {
      "cssClasses" : {
        "type" : "constant",
        "value" : ""
      },
      "hidden" : {
        "type" : "constant",
        "value" : false
      },
      "repeatedCollection" : {
        "type" : "variable"
      }
    },
    "reference" : "4e0e86a0-be63-4f9e-8ab4-36d7dedbffa1",
    "id" : "pbContainer",
    "rows" : [ [ {
      "type" : "component",
      "dimension" : {
        "xs" : 12,
        "sm" : 12,
        "md" : 3,
        "lg" : 3
      },
      "propertyValues" : {
        "cssClasses" : {
          "type" : "constant",
          "value" : ""
        },
        "hidden" : {
          "type" : "constant",
          "value" : false
        },
        "disabled" : {
          "type" : "constant",
          "value" : false
        },
        "required" : {
          "type" : "constant",
          "value" : true
        },
        "labelHidden" : {
          "type" : "constant",
          "value" : true
        },
        "label" : {
          "type" : "interpolation",
          "value" : "Restricción"
        },
        "labelPosition" : {
          "type" : "constant",
          "value" : "top"
        },
        "labelWidth" : {
          "type" : "constant",
          "value" : 4
        },
        "placeholder" : {
          "type" : "interpolation",
          "value" : "Seleccione restricción"
        },
        "availableValues" : {
          "type" : "expression",
          "value" : "temp.paramOriginal.campos"
        },
        "displayedKey" : {
          "type" : "constant",
          "value" : "nombre"
        },
        "returnedKey" : {
          "type" : "constant",
          "value" : ""
        },
        "value" : {
          "type" : "variable",
          "value" : "temp.parametria"
        }
      },
      "reference" : "c9a7c312-aa22-4396-99e9-72ebd1f63758",
      "id" : "pbSelect"
    }, {
      "type" : "container",
      "dimension" : {
        "xs" : 12,
        "sm" : 12,
        "md" : 7,
        "lg" : 7
      },
      "propertyValues" : {
        "cssClasses" : {
          "type" : "constant",
          "value" : ""
        },
        "hidden" : {
          "type" : "expression",
          "value" : "temp.parametria.tipoValor != \"numerico\""
        },
        "repeatedCollection" : {
          "type" : "variable"
        }
      },
      "reference" : "20c84e57-ed23-4e1d-8316-6ae773310027",
      "id" : "pbContainer",
      "rows" : [ [ {
        "type" : "component",
        "dimension" : {
          "xs" : 12,
          "sm" : 12,
          "md" : 4,
          "lg" : 4
        },
        "propertyValues" : {
          "cssClasses" : {
            "type" : "constant",
            "value" : ""
          },
          "hidden" : {
            "type" : "constant",
            "value" : false
          },
          "disabled" : {
            "type" : "constant",
            "value" : false
          },
          "required" : {
            "type" : "constant",
            "value" : false
          },
          "labelHidden" : {
            "type" : "constant",
            "value" : true
          },
          "label" : {
            "type" : "interpolation",
            "value" : "Condición"
          },
          "labelPosition" : {
            "type" : "constant",
            "value" : "top"
          },
          "labelWidth" : {
            "type" : "constant",
            "value" : 4
          },
          "placeholder" : {
            "type" : "interpolation",
            "value" : "Condición"
          },
          "availableValues" : {
            "type" : "expression",
            "value" : "temp.parametria.condicion"
          },
          "displayedKey" : {
            "type" : "constant",
            "value" : "value"
          },
          "returnedKey" : {
            "type" : "constant",
            "value" : "key"
          },
          "value" : {
            "type" : "variable",
            "value" : "temp.condicion"
          }
        },
        "reference" : "ed1497b0-aba8-4272-8011-7249ffe7e1ad",
        "id" : "pbSelect"
      }, {
        "type" : "container",
        "dimension" : {
          "xs" : 12,
          "sm" : 12,
          "md" : 8,
          "lg" : 8
        },
        "propertyValues" : {
          "cssClasses" : {
            "type" : "constant",
            "value" : ""
          },
          "hidden" : {
            "type" : "expression",
            "value" : "temp.condicion != \"BETWEEN\""
          },
          "repeatedCollection" : {
            "type" : "variable"
          }
        },
        "reference" : "e1316968-d6a5-433f-8fb7-49db239e3e3c",
        "id" : "pbContainer",
        "rows" : [ [ {
          "type" : "component",
          "dimension" : {
            "xs" : 12,
            "sm" : 12,
            "md" : 6,
            "lg" : 6
          },
          "propertyValues" : {
            "cssClasses" : {
              "type" : "constant",
              "value" : ""
            },
            "hidden" : {
              "type" : "constant",
              "value" : false
            },
            "required" : {
              "type" : "constant",
              "value" : false
            },
            "minLength" : {
              "type" : "constant",
              "value" : ""
            },
            "maxLength" : {
              "type" : "constant",
              "value" : ""
            },
            "readOnly" : {
              "type" : "constant",
              "value" : false
            },
            "labelHidden" : {
              "type" : "constant",
              "value" : true
            },
            "label" : {
              "type" : "interpolation",
              "value" : "Valor inicial"
            },
            "labelPosition" : {
              "type" : "constant",
              "value" : "top"
            },
            "labelWidth" : {
              "type" : "constant",
              "value" : 4
            },
            "placeholder" : {
              "type" : "interpolation",
              "value" : "Inicial"
            },
            "value" : {
              "type" : "variable",
              "value" : "item.valor[0]"
            },
            "type" : {
              "type" : "constant",
              "value" : "text"
            },
            "min" : {
              "type" : "constant"
            },
            "max" : {
              "type" : "constant"
            },
            "step" : {
              "type" : "constant",
              "value" : 1
            }
          },
          "reference" : "4bb441f3-bd4a-4923-98b6-c257a4dcddf5",
          "id" : "pbInput"
        }, {
          "type" : "component",
          "dimension" : {
            "xs" : 12,
            "sm" : 12,
            "md" : 6,
            "lg" : 6
          },
          "propertyValues" : {
            "cssClasses" : {
              "type" : "constant",
              "value" : ""
            },
            "hidden" : {
              "type" : "constant",
              "value" : false
            },
            "required" : {
              "type" : "constant",
              "value" : false
            },
            "minLength" : {
              "type" : "constant",
              "value" : ""
            },
            "maxLength" : {
              "type" : "constant",
              "value" : ""
            },
            "readOnly" : {
              "type" : "constant",
              "value" : false
            },
            "labelHidden" : {
              "type" : "constant",
              "value" : true
            },
            "label" : {
              "type" : "interpolation",
              "value" : "Valor final"
            },
            "labelPosition" : {
              "type" : "constant",
              "value" : "top"
            },
            "labelWidth" : {
              "type" : "constant",
              "value" : 4
            },
            "placeholder" : {
              "type" : "interpolation",
              "value" : "Final"
            },
            "value" : {
              "type" : "variable",
              "value" : "item.valor[1]"
            },
            "type" : {
              "type" : "constant",
              "value" : "text"
            },
            "min" : {
              "type" : "constant"
            },
            "max" : {
              "type" : "constant"
            },
            "step" : {
              "type" : "constant",
              "value" : 1
            }
          },
          "reference" : "30f17984-8cc5-42e4-b50f-c7d4c8ddaa2b",
          "id" : "pbInput"
        } ] ]
      }, {
        "type" : "container",
        "dimension" : {
          "xs" : 12,
          "sm" : 12,
          "md" : 8,
          "lg" : 8
        },
        "propertyValues" : {
          "cssClasses" : {
            "type" : "constant",
            "value" : ""
          },
          "hidden" : {
            "type" : "expression",
            "value" : "temp.condicion == \"BETWEEN\""
          },
          "repeatedCollection" : {
            "type" : "variable"
          }
        },
        "reference" : "fd79dec6-8230-4ad3-ab9f-891334818fa6",
        "id" : "pbContainer",
        "rows" : [ [ {
          "type" : "component",
          "dimension" : {
            "xs" : 12,
            "sm" : 12,
            "md" : 12,
            "lg" : 12
          },
          "propertyValues" : {
            "cssClasses" : {
              "type" : "constant",
              "value" : ""
            },
            "hidden" : {
              "type" : "constant",
              "value" : false
            },
            "required" : {
              "type" : "constant",
              "value" : true
            },
            "minLength" : {
              "type" : "constant",
              "value" : ""
            },
            "maxLength" : {
              "type" : "constant",
              "value" : ""
            },
            "readOnly" : {
              "type" : "constant",
              "value" : false
            },
            "labelHidden" : {
              "type" : "constant",
              "value" : true
            },
            "label" : {
              "type" : "interpolation",
              "value" : "Valor de referencia"
            },
            "labelPosition" : {
              "type" : "constant",
              "value" : "top"
            },
            "labelWidth" : {
              "type" : "constant",
              "value" : 4
            },
            "placeholder" : {
              "type" : "interpolation",
              "value" : ""
            },
            "value" : {
              "type" : "variable",
              "value" : "item.valor[0]"
            },
            "type" : {
              "type" : "constant",
              "value" : "text"
            },
            "min" : {
              "type" : "constant"
            },
            "max" : {
              "type" : "constant"
            },
            "step" : {
              "type" : "constant",
              "value" : 1
            }
          },
          "reference" : "cd678a3c-1e42-42e6-9827-ecdb5138a34f",
          "id" : "pbInput"
        } ] ]
      } ] ]
    }, {
      "type" : "container",
      "dimension" : {
        "xs" : 12,
        "sm" : 12,
        "md" : 7,
        "lg" : 7
      },
      "propertyValues" : {
        "cssClasses" : {
          "type" : "constant",
          "value" : ""
        },
        "hidden" : {
          "type" : "expression",
          "value" : "temp.parametria.tipoValor != \"seleccion\""
        },
        "repeatedCollection" : {
          "type" : "variable"
        }
      },
      "reference" : "56de19c4-09d1-4e59-a8f9-32eb5f8c4937",
      "id" : "pbContainer",
      "rows" : [ [ {
        "type" : "component",
        "dimension" : {
          "xs" : 12,
          "sm" : 12,
          "md" : 4,
          "lg" : 4
        },
        "propertyValues" : {
          "cssClasses" : {
            "type" : "constant",
            "value" : ""
          },
          "hidden" : {
            "type" : "constant",
            "value" : false
          },
          "disabled" : {
            "type" : "constant",
            "value" : false
          },
          "required" : {
            "type" : "constant",
            "value" : true
          },
          "labelHidden" : {
            "type" : "constant",
            "value" : true
          },
          "label" : {
            "type" : "interpolation",
            "value" : "Condición"
          },
          "labelPosition" : {
            "type" : "constant",
            "value" : "top"
          },
          "labelWidth" : {
            "type" : "constant",
            "value" : 4
          },
          "placeholder" : {
            "type" : "interpolation",
            "value" : "Condición"
          },
          "availableValues" : {
            "type" : "expression",
            "value" : "temp.parametria.condicion"
          },
          "displayedKey" : {
            "type" : "constant",
            "value" : "value"
          },
          "returnedKey" : {
            "type" : "constant",
            "value" : "key"
          },
          "value" : {
            "type" : "variable",
            "value" : "temp.condicion"
          }
        },
        "reference" : "c15e684c-6d08-4f26-8245-86bc5e1fd7d4",
        "id" : "pbSelect"
      }, {
        "type" : "container",
        "dimension" : {
          "xs" : 12,
          "sm" : 12,
          "md" : 8,
          "lg" : 8
        },
        "propertyValues" : {
          "cssClasses" : {
            "type" : "constant",
            "value" : ""
          },
          "hidden" : {
            "type" : "expression",
            "value" : "temp.condicion == \"IN\""
          },
          "repeatedCollection" : {
            "type" : "variable"
          }
        },
        "reference" : "0ba75b27-2b21-4b62-a2fd-f0b4f1b119dc",
        "id" : "pbContainer",
        "rows" : [ [ {
          "type" : "component",
          "dimension" : {
            "xs" : 12,
            "sm" : 12,
            "md" : 12,
            "lg" : 12
          },
          "propertyValues" : {
            "cssClasses" : {
              "type" : "constant",
              "value" : ""
            },
            "hidden" : {
              "type" : "constant",
              "value" : false
            },
            "disabled" : {
              "type" : "constant",
              "value" : false
            },
            "required" : {
              "type" : "constant",
              "value" : true
            },
            "labelHidden" : {
              "type" : "constant",
              "value" : true
            },
            "label" : {
              "type" : "interpolation",
              "value" : "Valor de referencia"
            },
            "labelPosition" : {
              "type" : "constant",
              "value" : "top"
            },
            "labelWidth" : {
              "type" : "constant",
              "value" : 4
            },
            "placeholder" : {
              "type" : "interpolation",
              "value" : "Valor"
            },
            "availableValues" : {
              "type" : "expression",
              "value" : "temp.parametria.valorReferencia"
            },
            "displayedKey" : {
              "type" : "constant",
              "value" : "value"
            },
            "returnedKey" : {
              "type" : "constant",
              "value" : "key"
            },
            "value" : {
              "type" : "variable",
              "value" : "item.valor[0]"
            }
          },
          "reference" : "29502d55-bf5e-40bd-9b04-4aef29045686",
          "id" : "pbSelect"
        } ] ]
      }, {
        "type" : "container",
        "dimension" : {
          "xs" : 12,
          "sm" : 12,
          "md" : 8,
          "lg" : 8
        },
        "propertyValues" : {
          "cssClasses" : {
            "type" : "constant",
            "value" : ""
          },
          "hidden" : {
            "type" : "expression",
            "value" : "temp.condicion != \"IN\""
          },
          "repeatedCollection" : {
            "type" : "variable"
          }
        },
        "reference" : "f0428992-b1d6-4f25-8a98-3a0db7df8db2",
        "id" : "pbContainer",
        "rows" : [ [ {
          "type" : "component",
          "dimension" : {
            "xs" : 12,
            "sm" : 12,
            "md" : 12,
            "lg" : 12
          },
          "propertyValues" : {
            "cssClasses" : {
              "type" : "constant",
              "value" : ""
            },
            "hidden" : {
              "type" : "constant",
              "value" : false
            },
            "value" : {
              "type" : "variable",
              "value" : "temp.valorMulti"
            },
            "availableValues" : {
              "type" : "expression",
              "value" : "temp.parametria.valorReferencia"
            },
            "buttonLabel" : {
              "type" : "constant",
              "value" : "key"
            },
            "itemLabel" : {
              "type" : "constant",
              "value" : "key"
            },
            "outputProperties" : {
              "type" : "constant",
              "value" : "key"
            },
            "required" : {
              "type" : "constant",
              "value" : false
            },
            "labelPosition" : {
              "type" : "constant",
              "value" : "top"
            },
            "label" : {
              "type" : "interpolation",
              "value" : "Multi-selector"
            },
            "labelWidth" : {
              "type" : "constant",
              "value" : 4
            },
            "labelHidden" : {
              "type" : "constant",
              "value" : true
            }
          },
          "reference" : "05bdb5f5-6a30-43cd-8d72-29fb6b43b7c9",
          "id" : "customMultiSelection"
        } ] ]
      } ] ]
    } ] ]
  } ], [ {
    "type" : "container",
    "dimension" : {
      "xs" : 12,
      "sm" : 12,
      "md" : 12,
      "lg" : 12
    },
    "propertyValues" : {
      "cssClasses" : {
        "type" : "constant",
        "value" : ""
      },
      "hidden" : {
        "type" : "constant",
        "value" : true
      },
      "repeatedCollection" : {
        "type" : "variable"
      }
    },
    "reference" : "8bff8db3-eef1-496f-9f73-9bdd690b1aab",
    "id" : "pbContainer",
    "rows" : [ [ {
      "type" : "component",
      "dimension" : {
        "xs" : 12,
        "sm" : 12,
        "md" : 6,
        "lg" : 6
      },
      "propertyValues" : {
        "cssClasses" : {
          "type" : "constant",
          "value" : ""
        },
        "hidden" : {
          "type" : "constant",
          "value" : false
        },
        "text" : {
          "type" : "interpolation",
          "value" : "item <pre>{{item | json }}</pre>"
        },
        "alignment" : {
          "type" : "constant",
          "value" : "left"
        },
        "allowHTML" : {
          "type" : "constant",
          "value" : true
        }
      },
      "reference" : "f4d6afe7-5d67-4d25-8003-8143696f92c7",
      "id" : "pbText"
    }, {
      "type" : "component",
      "dimension" : {
        "xs" : 12,
        "sm" : 12,
        "md" : 6,
        "lg" : 6
      },
      "propertyValues" : {
        "cssClasses" : {
          "type" : "constant",
          "value" : ""
        },
        "hidden" : {
          "type" : "constant",
          "value" : false
        },
        "text" : {
          "type" : "interpolation",
          "value" : "temp <pre>{{temp | json }}</pre>"
        },
        "alignment" : {
          "type" : "constant",
          "value" : "left"
        },
        "allowHTML" : {
          "type" : "constant",
          "value" : true
        }
      },
      "reference" : "fca39ee3-72b4-4974-82a9-285238641ca4",
      "id" : "pbText"
    } ] ]
  } ] ],
  "assets" : [ ],
  "inactiveAssets" : [ ],
  "data" : {
    "parametria" : {
      "type" : "constant",
      "exposed" : true
    },
    "item" : {
      "type" : "constant",
      "exposed" : true
    },
    "temp" : {
      "type" : "json",
      "value" : "{}",
      "exposed" : false
    },
    "exp_calcOutput_res" : {
      "type" : "expression",
      "value" : "//primera iteracion\r\nif($data.parametria && !$data.temp.init){\r\n\t$data.temp.paramOriginal = angular.copy($data.parametria);\r\n\t$data.temp.init = true;\r\n}\r\n\r\nif($data.temp.paramOriginal){\r\n    // aplicamos las restricciones del ws\r\n    if($data.item && !$data.temp.parametria){\r\n    console.log(\"parametría del ws\");        \r\n        $data.temp.parametria = $data.temp.paramOriginal.campos.filter(function(param){\r\n            return $data.item.nombre == param.nombre;\r\n        });\r\n        if($data.temp.parametria && $data.temp.parametria.length >0){\r\n            $data.temp.parametria = $data.temp.parametria[0];\r\n        }\r\n        $data.temp.parametriaOld = $data.temp.parametria;\r\n        \r\n    }\r\n    if($data.item && !$data.temp.condicion){\r\n       $data.temp.condicion = $data.temp.parametria.condicion.filter(function(condicion){\r\n            return $data.item.condicion == condicion.key;\r\n        });\r\n        if($data.temp.condicion && $data.temp.condicion.length >0){\r\n           $data.temp.condicion = $data.temp.condicion[0].key;\r\n        }\r\n        $data.temp.condicionOld = $data.temp.condicion;\r\n    }\r\n}\r\n\r\nif(($data.temp.parametria && !$data.temp.parametriaOld) || $data.temp.parametria !== $data.temp.parametriaOld ){\r\n    //console.log(\"parametría distinta a la anterior\");\r\n    $data.item.nombre = $data.temp.parametria.nombre;\r\n    $data.temp.parametriaOld = $data.temp.parametria;\r\n} \r\n    \r\nif($data.temp.condicion && $data.temp.condicion !== $data.temp.condicionOld  ){   \r\n    $data.item.condicion = $data.temp.condicion;\r\n    $data.temp.condicionOld = $data.temp.condicion;\r\n}\r\n\r\nif($data.temp.parametria && !$data.temp.valorMulti && $data.item){\r\n    $data.temp.valorMulti = [];\r\n    //console.log(\"valor simple\");\r\n    if($data.item.valor.length > 0){\r\n        $data.item.valor.map(function(valor){\r\n            $data.temp.valorMulti.push({\"key\": valor});\r\n            if($data.temp.parametria.valorReferencia && $data.temp.parametria.valorReferencia.length > 0){\r\n                var vRef = $data.temp.parametria.valorReferencia.map(function(valorRef){\r\n                    if(valorRef.key == valor)\r\n                        valorRef.ticked = true;\r\n                    return valorRef;\r\n                });\r\n                $data.temp.parametria.valorReferencia = vRef;\r\n            }\r\n          \r\n        });\r\n    }\r\n    \r\n}else{\r\n    //console.log(\"nueva restricción\");\r\n    if($data.temp.valorMulti && $data.temp.valorMulti.length > 0 && $data.temp.condicion == \"IN\"){\r\n        $data.item.valor = [];\r\n        $data.temp.valorMulti.map(function(valorMulti){\r\n            $data.item.valor.push(valorMulti.key);\r\n        });\r\n    }\r\n}\r\n\r\n\r\nif($data.temp.condicion != \"IN\"){\r\n    if($data.temp.condicion != \"BETWEEN\"){\r\n        $data.item.valor = [$data.item.valor[0]];\r\n    }else{\r\n        $data.item.valor =[$data.item.valor[0],$data.item.valor[1]];\r\n    }\r\n    \r\n}\r\n\r\n",
      "exposed" : false
    }
  },
  "type" : "fragment"
}