{"designerVersion":"1.4.34","id":"customCustomWidgetSideMenuLayout","name":"customWidgetSideMenuLayout","lastUpdate":1506590038412,"template":"<div id=\"wrapper\" class=\"toggled col-xs-12  col-sm-12  col-md-12  col-lg-12\" >\n    <div id=\"sidebar-wrapper\">\n        <ul class=\"sidebar-nav\">\n            <li class=\"sidebar-brand\">\n                <!--<a href=\"..\">{{ctrl.applicationName}}</a>-->\n                <a href=\"..\">\n                    <img id=\"logo\" class=\"img-responsive ng-scope\" alt=\"{{ctrl.applicationName}}\" src=\"widgets/customCustomWidgetSideMenuLayout/assets/img/logoBBVA.PNG\">\n                </a>\n            </li>\n            <li ng-class=\"{active:ctrl.pageToken===menu.applicationPageId.token}\" ng-repeat=\"menu in ctrl.filterChildren(-1)\" dropdown>\n                <a ng-if=\"!ctrl.isParentMenu(menu)\" ng-href=\"../{{menu.applicationPageId.token}}/\" >{{menu.displayName}}</a>\n                <a ng-if=\"ctrl.isParentMenu(menu)\" dropdown-toggle>{{menu.displayName}}<span class=\"caret\"></span></a>\n                <ul ng-if=\"ctrl.isParentMenu(menu)\" class=\"dropdown-menu\">\n                    <li ng-repeat=\"childMenu in ctrl.filterChildren(menu.id)\">\n                        <a ng-href=\"../{{childMenu.applicationPageId.token}}/\">{{childMenu.displayName}}</a>\n                    </li>\n                </ul>\n            </li>\n        </ul>\n    </div>\n    <iframe ng-src=\"{{secureUrl()}}\" class=\"col-xs-12  col-sm-12  col-md-12  col-lg-12\"></iframe>\n</div>","controller":"function WidgetlivingApplicationMenuController($scope, $http, $window, $element, $interval, $sce) {\n    var ctrl = this;\n    var pathArray = $window.location.pathname.split( '/' );\n    ctrl.applicationToken =  pathArray[pathArray.length-3]; \n    ctrl.pageToken =  pathArray[pathArray.length-2];\n    \n    function getApplication() {\n        return $http.get('../API/living/application/?c=1&f=token%3D'+ctrl.applicationToken);\n    }\n    \n    this.filterChildren = function (parentId) {\n        return (ctrl.applicationMenuList||[]).filter(function(menu){\n            return menu.parentMenuId === '' + parentId;\n        });\n        \n    }\n   \n    function getApplicationMenuList(applicationId) {\n        \n        $http.get('../API/living/application-menu/?c=100&f=applicationId%3D'+applicationId+'&d=applicationPageId&o=menuIndex+ASC')\n            .success(function(data) { \n                ctrl.applicationMenuList = data;\n            });\n        return applicationId;\n    }\n\n    function setTargetedUrl() {\n        $scope.properties.targetUrl = \"../../../portal/resource/app/\"+ctrl.applicationToken+\"/\"+ ctrl.pageToken+\"/content/\"+ $window.location.search + ctrl.searchSeparator() + \"app=\" + ctrl.applicationToken;\n    }\n\n    ctrl.searchSeparator = function() {\n        return $window.location.search ? \"&\" : \"?\";\n    };\n\n    ctrl.isParentMenu= function(menu) {\n        return menu.parentMenuId==-1 && menu.applicationPageId==-1;\n    };\n    \n    getApplication().then(function(response) {\n        var application = response.data[0];\n        ctrl.applicationName = application.displayName;\n        $window.document.title = application.displayName;\n        return application.id;\n    }).then(getApplicationMenuList).then(setTargetedUrl);\n    \n    if ($scope.properties.resizeToContent) {\n    \n        var iframe = $element.find('iframe')[0];\n    \n        var polling = $interval(function() {\n            if(iframe.contentDocument.documentElement){\n    \t\t\tiframe.style.height = (iframe.contentDocument.documentElement.scrollHeight || 600) + \"px\";\n    \t\t}\n        }, 100);\n        \n        $scope.$on('$destroy', function() {\n            $interval.cancel(polling);\n        });\n            \n    }\n    \n    $scope.secureUrl = function() {\n        return $sce.trustAsResourceUrl($scope.properties.targetUrl);\n    };\n    \n}","custom":true,"properties":[{"label":"resizeToContent","name":"resizeToContent","type":"boolean","defaultValue":false,"bond":"constant"}],"assets":[{"id":"eff7f805-ed17-4631-bd77-8f0fd32cf265","name":"logoBBVA.PNG","type":"img","order":3,"external":false},{"id":"d5758eae-5d37-4b35-8b14-b7f90bf9250a","name":"bootstrap.min.css","type":"css","order":1,"external":false},{"id":"4a0c4bb4-7ee4-4a57-9051-669f821cf141","name":"simple-sidebar.css","type":"css","order":8,"external":false}],"requiredModules":["ui.bootstrap"],"type":"widget"}