{"designerVersion":"1.4.34","id":"503dd367-48fa-4025-8601-29fb413b7831","name":"gBusqueda","type":"page","lastUpdate":1507797113787,"rows":[[{"type":"component","dimension":{"xs":12,"sm":12,"md":12,"lg":12},"propertyValues":{"cssClasses":{"type":"constant","value":""},"hidden":{"type":"constant","value":false},"options":{"type":"constant","value":"{\"time-out\": 3000}"},"toasters":{"type":"variable","value":"temp.toaster"}},"reference":"829fe31f-2602-455a-b011-62c1511f6329","id":"customMessageToaster"}],[{"type":"container","dimension":{"xs":12,"sm":12,"md":12,"lg":12},"propertyValues":{"cssClasses":{"type":"constant","value":""},"hidden":{"type":"constant","value":false},"repeatedCollection":{"type":"variable"}},"reference":"97ec9114-0648-4bfa-b189-a38df4167e06","rows":[[{"type":"component","dimension":{"xs":12,"sm":12,"md":12,"lg":12},"propertyValues":{"cssClasses":{"type":"constant","value":""},"hidden":{"type":"constant","value":false},"text":{"type":"interpolation","value":"Priorización de casos"},"level":{"type":"constant","value":"Level 3"},"alignment":{"type":"constant","value":"left"}},"reference":"d11692f1-76ab-424c-b552-284b46c9684c","id":"pbTitle"}]]}],[{"type":"container","dimension":{"xs":12,"sm":12,"md":12,"lg":12},"propertyValues":{"cssClasses":{"type":"constant","value":""},"hidden":{"type":"constant","value":false},"repeatedCollection":{"type":"variable"}},"reference":"39023b39-4b04-497d-9a19-099e81a85845","rows":[[{"type":"component","dimension":{"xs":12,"sm":12,"md":4,"lg":4},"propertyValues":{"cssClasses":{"type":"constant","value":""},"hidden":{"type":"constant","value":false},"required":{"type":"constant","value":false},"minLength":{"type":"constant","value":""},"maxLength":{"type":"constant","value":""},"readOnly":{"type":"constant","value":false},"labelHidden":{"type":"constant","value":false},"label":{"type":"interpolation","value":"Id Caso"},"labelPosition":{"type":"constant","value":"left"},"labelWidth":{"type":"constant","value":4},"placeholder":{"type":"interpolation"},"value":{"type":"variable","value":"filtros.idCaso"},"type":{"type":"constant","value":"number"},"min":{"type":"constant"},"max":{"type":"constant"},"step":{"type":"constant","value":1}},"reference":"f43e4da1-04cb-4bf3-aec6-6c92685b18ff","id":"pbInput"},{"type":"component","dimension":{"xs":12,"sm":12,"md":4,"lg":4},"propertyValues":{"cssClasses":{"type":"constant","value":""},"hidden":{"type":"constant","value":false},"required":{"type":"constant","value":false},"minLength":{"type":"constant","value":""},"maxLength":{"type":"constant","value":""},"readOnly":{"type":"constant","value":false},"labelHidden":{"type":"constant","value":false},"label":{"type":"interpolation","value":"Nombre Cliente"},"labelPosition":{"type":"constant","value":"left"},"labelWidth":{"type":"constant","value":4},"placeholder":{"type":"interpolation"},"value":{"type":"variable","value":"filtros.cliente"},"type":{"type":"constant","value":"text"},"min":{"type":"constant"},"max":{"type":"constant"},"step":{"type":"constant","value":1}},"reference":"cba578ca-0ee5-463a-800b-c5a2d5bc26ae","id":"pbInput"},{"type":"component","dimension":{"xs":12,"sm":12,"md":4,"lg":4},"propertyValues":{"cssClasses":{"type":"constant","value":""},"hidden":{"type":"constant","value":false},"required":{"type":"constant","value":false},"minLength":{"type":"constant","value":""},"maxLength":{"type":"constant","value":""},"readOnly":{"type":"constant","value":false},"labelHidden":{"type":"constant","value":false},"label":{"type":"interpolation","value":"Cédula"},"labelPosition":{"type":"constant","value":"left"},"labelWidth":{"type":"constant","value":4},"placeholder":{"type":"interpolation"},"value":{"type":"variable","value":"filtros.cedula"},"type":{"type":"constant","value":"text"},"min":{"type":"constant"},"max":{"type":"constant"},"step":{"type":"constant","value":1}},"reference":"11ea16ce-d753-44a0-b4fc-e7db75496598","id":"pbInput"}],[{"type":"component","dimension":{"xs":12,"sm":12,"md":4,"lg":4},"propertyValues":{"cssClasses":{"type":"constant","value":""},"hidden":{"type":"constant","value":false},"required":{"type":"constant","value":false},"minLength":{"type":"constant","value":""},"maxLength":{"type":"constant","value":""},"readOnly":{"type":"constant","value":false},"labelHidden":{"type":"constant","value":false},"label":{"type":"interpolation","value":"Monto mayor que"},"labelPosition":{"type":"constant","value":"left"},"labelWidth":{"type":"constant","value":4},"placeholder":{"type":"interpolation"},"value":{"type":"variable","value":"filtros.montoMin"},"type":{"type":"constant","value":"number"},"min":{"type":"constant"},"max":{"type":"constant"},"step":{"type":"constant","value":1}},"reference":"f74c7c61-4a13-43ca-b30e-8e22dd708d0b","id":"pbInput"},{"type":"component","dimension":{"xs":12,"sm":12,"md":4,"lg":4},"propertyValues":{"cssClasses":{"type":"constant","value":""},"hidden":{"type":"constant","value":false},"required":{"type":"constant","value":false},"minLength":{"type":"constant","value":""},"maxLength":{"type":"constant","value":""},"readOnly":{"type":"constant","value":false},"labelHidden":{"type":"constant","value":false},"label":{"type":"interpolation","value":"Monto menor que"},"labelPosition":{"type":"constant","value":"left"},"labelWidth":{"type":"constant","value":4},"placeholder":{"type":"interpolation"},"value":{"type":"variable","value":"filtros.montoMax"},"type":{"type":"constant","value":"number"},"min":{"type":"constant"},"max":{"type":"constant"},"step":{"type":"constant","value":1}},"reference":"74115f10-837e-4c37-ba5e-94ad4eeb0644","id":"pbInput"},{"type":"component","dimension":{"xs":12,"sm":12,"md":4,"lg":4},"propertyValues":{"cssClasses":{"type":"constant","value":""},"hidden":{"type":"constant","value":false},"disabled":{"type":"constant","value":false},"label":{"type":"interpolation","value":"Buscar"},"alignment":{"type":"constant","value":"center"},"buttonStyle":{"type":"constant","value":"primary"},"action":{"type":"constant","value":"POST"},"url":{"type":"interpolation","value":"../API/extension/gestor/busqueda"},"dataToSend":{"type":"expression","value":"filtros"},"dataFromSuccess":{"type":"variable","value":"casos"},"dataFromError":{"type":"variable"},"targetUrlOnSuccess":{"type":"interpolation","value":""},"collectionToModify":{"type":"variable"},"collectionPosition":{"type":"constant","value":"Last"},"valueToAdd":{"type":"constant"},"removeItem":{"type":"variable"}},"reference":"60cf1a7d-8405-4d89-974a-2afd118452a7","id":"pbButton"}]]}],[{"type":"component","dimension":{"xs":12,"sm":12,"md":12,"lg":12},"propertyValues":{"cssClasses":{"type":"constant","value":""},"hidden":{"type":"constant","value":false},"headers":{"type":"constant","value":["IdCaso","IdProceso","TipoCliente","Producto","Nombre Convenio","Fuerza Venta","Monto","Prioritario"]},"type":{"type":"constant","value":"Variable"},"apiUrl":{"type":"constant","value":"../API/"},"params":{"type":"constant"},"content":{"type":"expression","value":"casos"},"columnsKey":{"type":"constant","value":["id_caso","id_proceso","TipoCliente","Producto","NombreConvenio","FuerzaVenta","Monto","statusPrioridad"]},"sortColumns":{"type":"constant"},"selectedRow":{"type":"variable","value":"casoSeleccionado"},"defaultPageSize":{"type":"constant"},"filter":{"type":"constant","value":""},"actions":{"type":"variable","value":"tableActions"},"isEmpty":{"type":"variable","value":"temp.isEmpty"},"highlightedRows":{"type":"constant"},"highlightedRowsProperty":{"type":"constant"},"defaultSortColumn":{"type":"constant"},"defaultSortOrder":{"type":"constant","value":"ASC"},"pageSizes":{"type":"expression","value":"[10, 20, 50]"}},"reference":"feafb966-011e-4bc2-b5e0-4c2e2915ce36","id":"customDataTableWithSettingsEmptyAndActions"}],[{"type":"component","dimension":{"xs":12,"sm":12,"md":12,"lg":12},"propertyValues":{"cssClasses":{"type":"constant","value":""},"hidden":{"type":"expression","value":"!temp.isEmpty"},"text":{"type":"interpolation","value":"No hay ningun resultado que concuerde con los filtros aplicados"},"alignment":{"type":"constant","value":"left"}},"reference":"7ae165ec-4574-4104-bd46-3f6c4bf744f6","id":"pbText"}],[{"type":"container","dimension":{"xs":12,"sm":12,"md":12,"lg":12},"propertyValues":{"cssClasses":{"type":"constant","value":"Modal-overlay"},"hidden":{"type":"constant","value":false},"repeatedCollection":{"type":"variable","value":"temp.modals"}},"reference":"9e5944c8-e4ff-4547-962e-c59eb6cdd0d1","rows":[[{"type":"container","dimension":{"xs":12,"sm":12,"md":12,"lg":12},"propertyValues":{"cssClasses":{"type":"constant","value":"Modal-content"},"hidden":{"type":"expression","value":"!casoSeleccionado.id_caso"},"repeatedCollection":{"type":"variable"}},"reference":"f65e14ae-b97c-4893-b0ac-da0c40c30257","rows":[[{"type":"component","dimension":{"xs":12,"sm":12,"md":12,"lg":12},"propertyValues":{"cssClasses":{"type":"constant","value":""},"hidden":{"type":"constant","value":false},"text":{"type":"interpolation","value":"Cambiar prioridad"},"level":{"type":"constant","value":"Level 3"},"alignment":{"type":"constant","value":"center"}},"reference":"a0cbe8e5-67e3-4f0a-938e-fa4c8c9345f1","id":"pbTitle"}],[{"type":"fragment","dimension":{"xs":12,"sm":12,"md":12,"lg":12},"propertyValues":{"cssClasses":{"type":"constant","value":""},"hidden":{"type":"constant","value":false}},"reference":"1b9f33f5-66b4-4c5d-9398-c03949d76ff4","id":"6947b2c2-4392-4a00-b33c-3276431160d8","binding":{"item":"$item"}}],[{"type":"component","dimension":{"xs":12,"sm":12,"md":6,"lg":6},"propertyValues":{"cssClasses":{"type":"constant","value":""},"hidden":{"type":"constant","value":false},"disabled":{"type":"constant","value":false},"label":{"type":"interpolation","value":"Cancelar"},"alignment":{"type":"constant","value":"center"},"buttonStyle":{"type":"constant","value":"danger"},"action":{"type":"constant","value":"Remove from collection"},"url":{"type":"interpolation"},"dataToSend":{"type":"constant"},"dataFromSuccess":{"type":"variable"},"dataFromError":{"type":"variable"},"targetUrlOnSuccess":{"type":"interpolation"},"collectionToModify":{"type":"variable","value":"temp.modals"},"collectionPosition":{"type":"constant","value":"First"},"valueToAdd":{"type":"constant"},"removeItem":{"type":"variable"}},"reference":"10cb5543-f80e-43a6-9b5a-2412eb83f698","id":"pbButton"},{"type":"container","dimension":{"xs":12,"sm":12,"md":6,"lg":6},"propertyValues":{"cssClasses":{"type":"constant","value":""},"hidden":{"type":"constant","value":false},"repeatedCollection":{"type":"variable"}},"reference":"3abaaa09-d5ce-433d-804a-eeacc8bd3ec4","rows":[[{"type":"component","dimension":{"xs":12,"sm":12,"md":12,"lg":12},"propertyValues":{"cssClasses":{"type":"constant","value":""},"hidden":{"type":"expression","value":"$item.statusPrioridad ===\"prioritario\""},"disabled":{"type":"expression","value":"$item.statusPrioridad ===\"prioritario\""},"label":{"type":"interpolation","value":"Hacer prioritario"},"alignment":{"type":"constant","value":"center"},"buttonStyle":{"type":"constant","value":"success"},"action":{"type":"constant","value":"POST"},"url":{"type":"interpolation","value":"../API/extension/gestor/priorizar"},"dataToSend":{"type":"expression","value":"exp_prioridad.setPrioridad"},"dataFromSuccess":{"type":"variable","value":"temp.prioritarioUpdated"},"dataFromError":{"type":"variable","value":"temp.errorInstanciacion"},"targetUrlOnSuccess":{"type":"interpolation"},"collectionToModify":{"type":"variable"},"collectionPosition":{"type":"constant","value":"Last"},"valueToAdd":{"type":"constant"},"removeItem":{"type":"variable"}},"reference":"9544d486-292f-41ed-a61c-b583c976cc53","id":"pbButton"}],[{"type":"component","dimension":{"xs":12,"sm":12,"md":12,"lg":12},"propertyValues":{"cssClasses":{"type":"constant","value":""},"hidden":{"type":"expression","value":"!casoSeleccionado.statusPrioridad || casoSeleccionado.statusPrioridad ===\"\""},"disabled":{"type":"expression","value":"!casoSeleccionado.statusPrioridad || casoSeleccionado.statusPrioridad ===\"\""},"label":{"type":"interpolation","value":"Quitar Prioridad"},"alignment":{"type":"constant","value":"center"},"buttonStyle":{"type":"constant","value":"warning"},"action":{"type":"constant","value":"POST"},"url":{"type":"interpolation","value":"../API/extension/gestor/priorizar"},"dataToSend":{"type":"expression","value":"exp_prioridad.unsetPrioridad"},"dataFromSuccess":{"type":"variable","value":"temp.prioritarioRemoved"},"dataFromError":{"type":"variable","value":"temp.errorInstanciacion"},"targetUrlOnSuccess":{"type":"interpolation"},"collectionToModify":{"type":"variable"},"collectionPosition":{"type":"constant","value":"Last"},"valueToAdd":{"type":"constant"},"removeItem":{"type":"variable"}},"reference":"e04be2cd-aa57-4f35-a1a3-815906f059a9","id":"pbButton"}]]}]]}]]}],[{"type":"container","dimension":{"xs":12,"sm":12,"md":12,"lg":12},"propertyValues":{"cssClasses":{"type":"constant","value":""},"hidden":{"type":"expression","value":"!temp.error"},"repeatedCollection":{"type":"variable"}},"reference":"5ac4ec06-2161-45fc-b937-a9e25585577c","rows":[[{"type":"component","dimension":{"xs":12,"sm":12,"md":12,"lg":12},"propertyValues":{"cssClasses":{"type":"constant","value":"alert alert-warning"},"hidden":{"type":"expression","value":""},"text":{"type":"interpolation","value":"<pre>{{temp.error}}</pre>"},"alignment":{"type":"constant","value":"left"}},"reference":"71d05eda-df39-4468-bd1f-bff21b95bb6a","id":"pbText"}]]}]],"assets":[{"id":"bd0b0ae0-7802-4418-90a3-0dabefae1cd0","name":"modal.css","type":"css","order":1,"external":false},{"id":"9cd4985c-08a8-4691-ad49-f53d0d546b1c","name":"localization.json","type":"json","order":0,"external":false}],"inactiveAssets":[],"data":{"filtros":{"type":"json","value":"{}","exposed":false},"casos":{"type":"json","value":"{}","exposed":false},"exp_OnlyOne":{"type":"expression","value":"\n/*\nif($data.casos &&  $data.casos.length === 1){\n        $data.casoSeleccionado = $data.casos[0];\n}\n*/\nif($data.temp.prioritarioUpdated){\n    $data.temp.toaster.push({\n        \"text\":\"Se ha priorizado el caso con id \"+$data.casoSeleccionado.id_caso,\n        \"title\":\"Priorización satisfactoria\",\n        \"type\":\"success\"\n    });\n    $data.temp.prioritarioUpdated= undefined;\n    $data.casoSeleccionado.statusPrioridad = \"prioritario\";    \n    $data.casoSeleccionado = undefined;    \n    $data.temp.modals =[]\n}\nif($data.temp.prioritarioRemoved){\n    $data.temp.toaster.push({\n        \"text\":\"Se ha eliminado la prioridad del caso con id \"+$data.casoSeleccionado.id_caso,\n        \"title\":\"Priorización satisfactoria\",\n        \"type\":\"success\"\n    });\n    $data.temp.prioritarioRemoved= undefined;\n    $data.casoSeleccionado.statusPrioridad = \"\";    \n    $data.casoSeleccionado = undefined;    \n    $data.temp.modals =[]\n}\nconsole.log(\"ERROR\",$data.temp.errorInstanciacion);\nif(!$data.temp.errorInstanciacion || $data.temp.errorInstanciacion!==\"Sin Error\"){\n    \n    $data.temp.toaster.push({\n        \"text\":\"Ha ocurrido un problema al intentar cambiar el estado, por favor, notifique al administrador\",\n        \"title\":\"Error\",\n        \"type\":\"danger\"\n    });\n    $data.temp.errorInstanciacion = \"Sin Error\";\n    $data.temp.modals =[]\n}\n","exposed":false},"casoSeleccionado":{"type":"json","value":"{}","exposed":false},"exp_prioridad":{"type":"expression","value":"var prioridad = {};\nif($data.casoSeleccionado){\n    prioridad.setPrioridad = angular.copy($data.casoSeleccionado);\n    prioridad.unsetPrioridad = angular.copy($data.casoSeleccionado);\n    prioridad.setPrioridad.statusPrioridad = \"prioritario\";\n    prioridad.unsetPrioridad.statusPrioridad = \"\";\n    return prioridad;\n}","exposed":false},"temp":{"type":"json","value":"{\n    \"isEmpty\":true,\n    \"modals\":[],\n    \"toaster\":[],\n    \"errorInstanciacion\" : \"Sin Error\"\n}","exposed":false},"tableActions":{"type":"expression","value":"return [\r\n    {\r\n    \t\"name\": \"Hacer prioritario\",\r\n    \t\"glyphicon\": \"heart-empty\",\r\n    \t\"disabled\": function(row) {\r\n    \t    return row.statusPrioridad ===\"prioritario\"\r\n    \t},\r\n    \t\"handler\": function(row) {\r\n    \t    $data.temp.modals.push(row);\r\n    \t}\r\n    },\r\n    {\r\n    \t\"name\": \"Quitar prioridad\",\r\n    \t\"glyphicon\": \"heart\",\r\n    \t\"disabled\": function(row) {\r\n    \t    return row.statusPrioridad !==\"prioritario\"\r\n    \t},\r\n    \t\"handler\": function(row) {\r\n    \t    $data.temp.modals.push(row);\r\n    \t}\r\n    }\r\n];","exposed":false}}}