{"designerVersion":"1.4.34","id":"810e688b-ba84-4a67-b39f-e977d8e62453","name":"AsignadorDeTareasv6","type":"page","lastUpdate":1504273971731,"rows":[[{"type":"component","dimension":{"xs":12,"sm":12,"md":12,"lg":12},"propertyValues":{"cssClasses":{"type":"constant","value":""},"hidden":{"type":"constant","value":false},"text":{"type":"interpolation","value":"Asignador de tareas"},"level":{"type":"constant","value":"Level 2"},"alignment":{"type":"constant","value":"left"}},"reference":"9412e82b-9407-4145-81d7-b27c9cc8276a","id":"pbTitle"}],[{"type":"container","dimension":{"xs":12,"sm":12,"md":12,"lg":12},"propertyValues":{"cssClasses":{"type":"constant","value":"alert alert-info"},"hidden":{"type":"constant","value":false},"repeatedCollection":{"type":"variable"}},"reference":"da6103e8-8173-48b4-b17b-a593da9df467","rows":[[{"type":"component","dimension":{"xs":12,"sm":3,"md":3,"lg":3},"propertyValues":{"cssClasses":{"type":"constant","value":""},"hidden":{"type":"constant","value":false},"disabled":{"type":"constant","value":false},"required":{"type":"constant","value":false},"labelHidden":{"type":"constant","value":false},"label":{"type":"interpolation","value":"Proceso"},"labelPosition":{"type":"constant","value":"top"},"labelWidth":{"type":"constant","value":4},"placeholder":{"type":"interpolation","value":"Select an option"},"availableValues":{"type":"expression","value":"processList"},"displayedKey":{"type":"constant","value":"displayName + \" - \" + version"},"returnedKey":{"type":"constant"},"value":{"type":"variable","value":"temp.processSelected"}},"reference":"5c67fb3c-1b1d-47a9-82b0-c417629b770b","id":"pbSelect"},{"type":"component","dimension":{"xs":12,"sm":3,"md":3,"lg":3},"propertyValues":{"cssClasses":{"type":"constant","value":""},"hidden":{"type":"expression","value":"!temp.processSelected"},"disabled":{"type":"constant","value":false},"required":{"type":"constant","value":false},"labelHidden":{"type":"constant","value":false},"label":{"type":"interpolation","value":"Actor"},"labelPosition":{"type":"constant","value":"top"},"labelWidth":{"type":"constant","value":4},"placeholder":{"type":"interpolation","value":"Select an option"},"availableValues":{"type":"expression","value":"actorList"},"displayedKey":{"type":"constant","value":"displayName"},"returnedKey":{"type":"constant"},"value":{"type":"variable","value":"temp.actorSelected"}},"reference":"e0b42f6e-0c6a-41cf-93b5-671bad8f4156","id":"pbSelect"},{"type":"component","dimension":{"xs":12,"sm":3,"md":3,"lg":3},"propertyValues":{"cssClasses":{"type":"constant","value":""},"hidden":{"type":"expression","value":"!temp.actorSelected"},"disabled":{"type":"constant","value":false},"required":{"type":"constant","value":false},"labelHidden":{"type":"constant","value":false},"label":{"type":"interpolation","value":"Usuario"},"labelPosition":{"type":"constant","value":"top"},"labelWidth":{"type":"constant","value":4},"placeholder":{"type":"interpolation","value":"Select an option"},"availableValues":{"type":"expression","value":"userList"},"displayedKey":{"type":"constant","value":"name"},"returnedKey":{"type":"constant","value":""},"value":{"type":"variable","value":"temp.userSelected"}},"reference":"f2447bf8-d6bc-469b-ad35-16a3426d7205","id":"pbSelect"},{"type":"component","dimension":{"xs":12,"sm":3,"md":3,"lg":3},"propertyValues":{"cssClasses":{"type":"constant","value":""},"hidden":{"type":"expression","value":"!pesoTotal"},"required":{"type":"constant","value":false},"minLength":{"type":"constant","value":""},"maxLength":{"type":"constant","value":""},"readOnly":{"type":"constant","value":true},"labelHidden":{"type":"constant","value":false},"label":{"type":"interpolation","value":"Peso Total"},"labelPosition":{"type":"constant","value":"top"},"labelWidth":{"type":"constant","value":4},"placeholder":{"type":"interpolation"},"value":{"type":"variable","value":"pesoTotal"},"type":{"type":"constant","value":"text"},"min":{"type":"constant"},"max":{"type":"constant"},"step":{"type":"constant","value":1}},"reference":"245ef206-430e-4c98-9061-1bf42042b5c2","id":"pbInput"}]]}],[{"type":"container","dimension":{"xs":12,"sm":12,"md":12,"lg":12},"propertyValues":{"cssClasses":{"type":"constant","value":""},"hidden":{"type":"expression","value":"temp.userSelected === undefined || temp.actorSelected === undefined"},"repeatedCollection":{"type":"variable"}},"reference":"46d00e2e-1cc8-4f15-a5d6-b05af1dab877","rows":[[{"type":"component","dimension":{"xs":12,"sm":12,"md":12,"lg":12},"propertyValues":{"cssClasses":{"type":"constant","value":""},"hidden":{"type":"constant","value":false},"text":{"type":"interpolation","value":"Reglas aplicadas para {{temp.userSelected.name}}"},"level":{"type":"constant","value":"Level 3"},"alignment":{"type":"constant","value":"left"}},"reference":"377bdcde-bdd1-41ce-b9f2-3ba528710772","id":"pbTitle"}],[{"type":"container","dimension":{"xs":12,"sm":12,"md":12,"lg":12},"propertyValues":{"cssClasses":{"type":"constant","value":""},"hidden":{"type":"constant","value":false},"repeatedCollection":{"type":"variable","value":""}},"reference":"784af856-05f3-4f88-9504-eeba3139ea53","rows":[[{"type":"formContainer","dimension":{"xs":12,"sm":12,"md":12,"lg":12},"propertyValues":{"cssClasses":{"type":"constant","value":""},"hidden":{"type":"constant","value":false}},"reference":"90a4c003-0ace-4156-af67-23a6659b6618","container":{"type":"container","dimension":{"xs":12},"propertyValues":{},"reference":"6b6fee57-f0c0-444d-a599-aa58c1d47727","rows":[[{"type":"container","dimension":{"xs":12,"sm":12,"md":12,"lg":12},"propertyValues":{"cssClasses":{"type":"constant","value":"alert alert-success"},"hidden":{"type":"constant","value":false},"repeatedCollection":{"type":"variable"}},"reference":"325e9524-6967-4d25-864b-3a157f7ba89b","rows":[[{"type":"container","dimension":{"xs":12,"sm":12,"md":12,"lg":12},"propertyValues":{"cssClasses":{"type":"constant","value":""},"hidden":{"type":"constant","value":false},"repeatedCollection":{"type":"variable","value":"bdm_reglas_filtro[0].restricciones"}},"reference":"cc15d3d1-2f07-418d-a095-61c7362894f2","rows":[[{"type":"container","dimension":{"xs":12,"sm":12,"md":3,"lg":3},"propertyValues":{"cssClasses":{"type":"constant","value":""},"hidden":{"type":"constant","value":false},"repeatedCollection":{"type":"variable"}},"reference":"8117a830-4714-43e3-9ee7-6cedd823c0fa","rows":[[{"type":"component","dimension":{"xs":12,"sm":12,"md":12,"lg":12},"propertyValues":{"cssClasses":{"type":"constant","value":""},"hidden":{"type":"constant","value":false},"disabled":{"type":"constant","value":false},"required":{"type":"constant","value":true},"labelHidden":{"type":"constant","value":false},"label":{"type":"interpolation","value":"Restricción"},"labelPosition":{"type":"constant","value":"top"},"labelWidth":{"type":"constant","value":4},"placeholder":{"type":"interpolation","value":"Seleccione una restricción"},"availableValues":{"type":"expression","value":"clavesObj.claves"},"displayedKey":{"type":"constant"},"returnedKey":{"type":"constant"},"value":{"type":"variable","value":"$item.restriccion"}},"reference":"0dccf9cf-1d08-49a0-a4a8-44480bccc0ee","id":"pbSelect"}]]},{"type":"container","dimension":{"xs":12,"sm":12,"md":5,"lg":5},"propertyValues":{"cssClasses":{"type":"constant","value":""},"hidden":{"type":"expression","value":"$item.restriccion == \"Producto\""},"repeatedCollection":{"type":"variable"}},"reference":"c51bcb56-b243-490a-a2af-a1efc4269992","rows":[[{"type":"component","dimension":{"xs":12,"sm":12,"md":5,"lg":5},"propertyValues":{"cssClasses":{"type":"constant","value":""},"hidden":{"type":"constant","value":false},"required":{"type":"constant","value":true},"minLength":{"type":"constant","value":""},"maxLength":{"type":"constant","value":""},"readOnly":{"type":"constant","value":false},"labelHidden":{"type":"constant","value":false},"label":{"type":"interpolation","value":"Condición"},"labelPosition":{"type":"constant","value":"top"},"labelWidth":{"type":"constant","value":4},"placeholder":{"type":"interpolation"},"value":{"type":"variable","value":"$item.condicion"},"type":{"type":"constant","value":"text"},"min":{"type":"constant"},"max":{"type":"constant"},"step":{"type":"constant","value":1}},"reference":"f6f0bd4f-268c-4ca4-911c-96ce07af9dab","id":"pbInput"},{"type":"component","dimension":{"xs":12,"sm":12,"md":7,"lg":7},"propertyValues":{"cssClasses":{"type":"constant","value":""},"hidden":{"type":"constant","value":false},"required":{"type":"constant","value":true},"minLength":{"type":"constant","value":""},"maxLength":{"type":"constant","value":""},"readOnly":{"type":"constant","value":false},"labelHidden":{"type":"constant","value":false},"label":{"type":"interpolation","value":"Valor de referencia"},"labelPosition":{"type":"constant","value":"top"},"labelWidth":{"type":"constant","value":4},"placeholder":{"type":"interpolation"},"value":{"type":"variable","value":"$item.valor"},"type":{"type":"constant","value":"text"},"min":{"type":"constant"},"max":{"type":"constant"},"step":{"type":"constant","value":1}},"reference":"6104d971-fe65-48f8-91ab-8e98b678c0be","id":"pbInput"}]]},{"type":"container","dimension":{"xs":12,"sm":12,"md":5,"lg":5},"propertyValues":{"cssClasses":{"type":"constant","value":""},"hidden":{"type":"expression","value":"$item.restriccion != \"Producto\""},"repeatedCollection":{"type":"variable"}},"reference":"9e0f28af-4eed-4d80-9ae2-b2550bf0b6ae","rows":[[{"type":"component","dimension":{"xs":12,"sm":12,"md":5,"lg":5},"propertyValues":{"cssClasses":{"type":"constant","value":""},"hidden":{"type":"constant","value":false},"disabled":{"type":"constant","value":false},"required":{"type":"constant","value":true},"labelHidden":{"type":"constant","value":false},"label":{"type":"interpolation","value":"Condición"},"labelPosition":{"type":"constant","value":"top"},"labelWidth":{"type":"constant","value":4},"placeholder":{"type":"interpolation","value":"Seleccione una condición"},"availableValues":{"type":"constant","value":["igual a","distinto de"]},"displayedKey":{"type":"constant"},"returnedKey":{"type":"constant"},"value":{"type":"variable","value":"$item.condicion"}},"reference":"d252294a-2a0b-4140-a019-9c34e2ffd61a","id":"pbSelect"},{"type":"component","dimension":{"xs":12,"sm":12,"md":7,"lg":7},"propertyValues":{"cssClasses":{"type":"constant","value":""},"hidden":{"type":"constant","value":false},"disabled":{"type":"constant","value":false},"required":{"type":"constant","value":true},"labelHidden":{"type":"constant","value":false},"label":{"type":"interpolation","value":"Valor de referencia"},"labelPosition":{"type":"constant","value":"top"},"labelWidth":{"type":"constant","value":4},"placeholder":{"type":"interpolation","value":"Select an option"},"availableValues":{"type":"expression","value":"clavesObj.productos"},"displayedKey":{"type":"constant"},"returnedKey":{"type":"constant"},"value":{"type":"variable","value":"$item.valor"}},"reference":"43518df0-ea9f-4858-855f-79d57ae46702","id":"pbSelect"}]]},{"type":"container","dimension":{"xs":12,"sm":12,"md":4,"lg":4},"propertyValues":{"cssClasses":{"type":"constant","value":""},"hidden":{"type":"constant","value":false},"repeatedCollection":{"type":"variable"}},"reference":"6e8e16fd-cdf1-4760-bbbf-f91d7cff7e93","rows":[[{"type":"component","dimension":{"xs":12,"sm":12,"md":12,"lg":12},"propertyValues":{"cssClasses":{"type":"constant","value":"alert"},"hidden":{"type":"constant","value":false},"disabled":{"type":"constant","value":false},"label":{"type":"interpolation","value":"Eliminar"},"alignment":{"type":"constant","value":"right"},"buttonStyle":{"type":"constant","value":"danger"},"action":{"type":"constant","value":"Remove from collection"},"url":{"type":"interpolation"},"dataToSend":{"type":"constant"},"dataFromSuccess":{"type":"variable"},"dataFromError":{"type":"variable"},"targetUrlOnSuccess":{"type":"interpolation"},"collectionToModify":{"type":"variable","value":"bdm_reglas_filtro[0].restricciones"},"collectionPosition":{"type":"constant","value":"Item"},"valueToAdd":{"type":"constant"},"removeItem":{"type":"variable","value":"$item"}},"reference":"4c2380c7-1cf5-4c83-9aa5-0708d7ab2c8e","id":"pbButton"}]]}]]}],[{"type":"component","dimension":{"xs":12,"sm":12,"md":12,"lg":12},"propertyValues":{"cssClasses":{"type":"constant","value":"alert"},"hidden":{"type":"constant","value":false},"disabled":{"type":"constant","value":false},"label":{"type":"interpolation","value":"Añadir restricción"},"alignment":{"type":"constant","value":"right"},"buttonStyle":{"type":"constant","value":"success"},"action":{"type":"constant","value":"Add to collection"},"url":{"type":"interpolation"},"dataToSend":{"type":"constant"},"dataFromSuccess":{"type":"variable"},"dataFromError":{"type":"variable"},"targetUrlOnSuccess":{"type":"interpolation"},"collectionToModify":{"type":"variable","value":"bdm_reglas_filtro[0].restricciones"},"collectionPosition":{"type":"constant","value":"Last"},"valueToAdd":{"type":"constant"},"removeItem":{"type":"variable"}},"reference":"0b62ab02-382a-40f5-8536-927a1771fab3","id":"pbButton"}]]}],[{"type":"container","dimension":{"xs":12,"sm":12,"md":12,"lg":12},"propertyValues":{"cssClasses":{"type":"constant","value":"alert alert-warning"},"hidden":{"type":"constant","value":false},"repeatedCollection":{"type":"variable"}},"reference":"66ab4d7d-903a-4f83-a9f1-59dd2b09b48f","rows":[[{"type":"container","dimension":{"xs":12,"sm":12,"md":12,"lg":12},"propertyValues":{"cssClasses":{"type":"constant","value":""},"hidden":{"type":"constant","value":false},"repeatedCollection":{"type":"variable","value":"bdm_reglas_filtro[0].prioridades"}},"reference":"3ae7c2c5-17ad-46e7-8f03-e1b418a04c3a","rows":[[{"type":"container","dimension":{"xs":12,"sm":12,"md":3,"lg":3},"propertyValues":{"cssClasses":{"type":"constant","value":""},"hidden":{"type":"constant","value":false},"repeatedCollection":{"type":"variable","value":""}},"reference":"8151507e-682c-4055-90a9-91da529dd940","rows":[[{"type":"component","dimension":{"xs":12,"sm":12,"md":12,"lg":12},"propertyValues":{"cssClasses":{"type":"constant","value":""},"hidden":{"type":"constant","value":false},"disabled":{"type":"constant","value":false},"required":{"type":"constant","value":true},"labelHidden":{"type":"constant","value":false},"label":{"type":"interpolation","value":"Prioridad"},"labelPosition":{"type":"constant","value":"top"},"labelWidth":{"type":"constant","value":4},"placeholder":{"type":"interpolation","value":"Seleccione una prioridad"},"availableValues":{"type":"expression","value":"clavesObj.claves"},"displayedKey":{"type":"constant"},"returnedKey":{"type":"constant"},"value":{"type":"variable","value":"$item.prioridad"}},"reference":"ddd54bfa-97dd-4b23-8519-ba5c35fc7049","id":"pbSelect"}]]},{"type":"container","dimension":{"xs":12,"sm":12,"md":6,"lg":6},"propertyValues":{"cssClasses":{"type":"constant","value":""},"hidden":{"type":"expression","value":"$item.prioridad == \"Producto\""},"repeatedCollection":{"type":"variable"}},"reference":"dd2dd7c4-0411-4518-8cfc-12b3fa4dda90","rows":[[{"type":"component","dimension":{"xs":12,"sm":12,"md":4,"lg":4},"propertyValues":{"cssClasses":{"type":"constant","value":""},"hidden":{"type":"constant","value":false},"required":{"type":"constant","value":true},"minLength":{"type":"constant","value":""},"maxLength":{"type":"constant","value":""},"readOnly":{"type":"constant","value":false},"labelHidden":{"type":"constant","value":false},"label":{"type":"interpolation","value":"Condición"},"labelPosition":{"type":"constant","value":"top"},"labelWidth":{"type":"constant","value":4},"placeholder":{"type":"interpolation"},"value":{"type":"variable","value":"$item.condicion"},"type":{"type":"constant","value":"text"},"min":{"type":"constant"},"max":{"type":"constant"},"step":{"type":"constant","value":1}},"reference":"f42a9cf9-ab74-46d3-bd51-b734976c2dd9","id":"pbInput"},{"type":"component","dimension":{"xs":12,"sm":12,"md":6,"lg":6},"propertyValues":{"cssClasses":{"type":"constant","value":""},"hidden":{"type":"constant","value":false},"required":{"type":"constant","value":true},"minLength":{"type":"constant","value":""},"maxLength":{"type":"constant","value":""},"readOnly":{"type":"constant","value":false},"labelHidden":{"type":"constant","value":false},"label":{"type":"interpolation","value":"Valor de referencia"},"labelPosition":{"type":"constant","value":"top"},"labelWidth":{"type":"constant","value":4},"placeholder":{"type":"interpolation"},"value":{"type":"variable","value":"$item.valor"},"type":{"type":"constant","value":"text"},"min":{"type":"constant"},"max":{"type":"constant"},"step":{"type":"constant","value":1}},"reference":"739d47a5-5c86-43f9-b70f-7903c47e855a","id":"pbInput"},{"type":"component","dimension":{"xs":12,"sm":12,"md":2,"lg":2},"propertyValues":{"cssClasses":{"type":"constant","value":""},"hidden":{"type":"constant","value":false},"required":{"type":"constant","value":true},"minLength":{"type":"constant","value":""},"maxLength":{"type":"constant","value":""},"readOnly":{"type":"constant","value":false},"labelHidden":{"type":"constant","value":false},"label":{"type":"interpolation","value":"Peso"},"labelPosition":{"type":"constant","value":"top"},"labelWidth":{"type":"constant","value":4},"placeholder":{"type":"interpolation"},"value":{"type":"variable","value":"$item.peso"},"type":{"type":"constant","value":"text"},"min":{"type":"constant"},"max":{"type":"constant"},"step":{"type":"constant","value":1}},"reference":"23570473-f521-48eb-acb4-76ee3dbe5eef","id":"pbInput"}]]},{"type":"container","dimension":{"xs":12,"sm":12,"md":6,"lg":6},"propertyValues":{"cssClasses":{"type":"constant","value":""},"hidden":{"type":"expression","value":"$item.prioridad != \"Producto\""},"repeatedCollection":{"type":"variable"}},"reference":"4efb5c56-d504-4b69-bc22-d29ed79e74fe","rows":[[{"type":"component","dimension":{"xs":12,"sm":12,"md":4,"lg":4},"propertyValues":{"cssClasses":{"type":"constant","value":""},"hidden":{"type":"constant","value":false},"disabled":{"type":"constant","value":false},"required":{"type":"constant","value":true},"labelHidden":{"type":"constant","value":false},"label":{"type":"interpolation","value":"Condición"},"labelPosition":{"type":"constant","value":"top"},"labelWidth":{"type":"constant","value":4},"placeholder":{"type":"interpolation","value":"Seleccione una condición"},"availableValues":{"type":"constant","value":["igual a","distinto de"]},"displayedKey":{"type":"constant"},"returnedKey":{"type":"constant"},"value":{"type":"variable","value":"$item.condicion"}},"reference":"13f6fda7-994e-4013-8a4a-6ab86673b3cc","id":"pbSelect"},{"type":"component","dimension":{"xs":12,"sm":12,"md":6,"lg":6},"propertyValues":{"cssClasses":{"type":"constant","value":""},"hidden":{"type":"constant","value":false},"disabled":{"type":"constant","value":false},"required":{"type":"constant","value":true},"labelHidden":{"type":"constant","value":false},"label":{"type":"interpolation","value":"Valor de referencia"},"labelPosition":{"type":"constant","value":"top"},"labelWidth":{"type":"constant","value":4},"placeholder":{"type":"interpolation","value":"Select an option"},"availableValues":{"type":"expression","value":"clavesObj.productos"},"displayedKey":{"type":"constant"},"returnedKey":{"type":"constant"},"value":{"type":"variable","value":"$item.valor"}},"reference":"05227d8d-bfb5-489a-bbd4-faa90dc91f4e","id":"pbSelect"},{"type":"component","dimension":{"xs":12,"sm":12,"md":2,"lg":2},"propertyValues":{"cssClasses":{"type":"constant","value":""},"hidden":{"type":"constant","value":false},"required":{"type":"constant","value":true},"minLength":{"type":"constant","value":""},"maxLength":{"type":"constant","value":""},"readOnly":{"type":"constant","value":false},"labelHidden":{"type":"constant","value":false},"label":{"type":"interpolation","value":"Peso"},"labelPosition":{"type":"constant","value":"top"},"labelWidth":{"type":"constant","value":4},"placeholder":{"type":"interpolation"},"value":{"type":"variable","value":"$item.peso"},"type":{"type":"constant","value":"text"},"min":{"type":"constant"},"max":{"type":"constant"},"step":{"type":"constant","value":1}},"reference":"127b917c-5d27-41ec-9cc2-a4f751839cbf","id":"pbInput"}]]},{"type":"container","dimension":{"xs":12,"sm":12,"md":3,"lg":3},"propertyValues":{"cssClasses":{"type":"constant","value":""},"hidden":{"type":"constant","value":false},"repeatedCollection":{"type":"variable"}},"reference":"114d5bb0-1850-416f-a9b6-530e373dba2b","rows":[[{"type":"component","dimension":{"xs":12,"sm":12,"md":12,"lg":12},"propertyValues":{"cssClasses":{"type":"constant","value":"alert"},"hidden":{"type":"constant","value":false},"disabled":{"type":"constant","value":false},"label":{"type":"interpolation","value":"Eliminar"},"alignment":{"type":"constant","value":"right"},"buttonStyle":{"type":"constant","value":"danger"},"action":{"type":"constant","value":"Remove from collection"},"url":{"type":"interpolation"},"dataToSend":{"type":"constant"},"dataFromSuccess":{"type":"variable"},"dataFromError":{"type":"variable"},"targetUrlOnSuccess":{"type":"interpolation"},"collectionToModify":{"type":"variable","value":"bdm_reglas_filtro[0].prioridades"},"collectionPosition":{"type":"constant","value":"Item"},"valueToAdd":{"type":"constant"},"removeItem":{"type":"variable","value":"$item"}},"reference":"0104eec2-fa4f-49de-8964-8cd947e02f00","id":"pbButton"}]]}]]}],[{"type":"component","dimension":{"xs":12,"sm":12,"md":12,"lg":12},"propertyValues":{"cssClasses":{"type":"constant","value":"alert"},"hidden":{"type":"constant","value":false},"disabled":{"type":"constant","value":false},"label":{"type":"interpolation","value":"Añadir prioridad"},"alignment":{"type":"constant","value":"right"},"buttonStyle":{"type":"constant","value":"warning"},"action":{"type":"constant","value":"Add to collection"},"url":{"type":"interpolation"},"dataToSend":{"type":"constant"},"dataFromSuccess":{"type":"variable"},"dataFromError":{"type":"variable"},"targetUrlOnSuccess":{"type":"interpolation"},"collectionToModify":{"type":"variable","value":"bdm_reglas_filtro[0].prioridades"},"collectionPosition":{"type":"constant","value":"Last"},"valueToAdd":{"type":"constant","value":""},"removeItem":{"type":"variable"}},"reference":"d8aa66fc-7d80-4c01-894b-41947b41d337","id":"pbButton"}]]}],[{"type":"container","dimension":{"xs":12,"sm":12,"md":12,"lg":12},"propertyValues":{"cssClasses":{"type":"constant","value":"alert alert-success"},"hidden":{"type":"constant","value":false},"repeatedCollection":{"type":"variable"}},"reference":"edf904ab-ec9b-418b-9e34-557938f2c3ce","rows":[[{"type":"container","dimension":{"xs":12,"sm":12,"md":12,"lg":12},"propertyValues":{"cssClasses":{"type":"constant","value":""},"hidden":{"type":"constant","value":false},"repeatedCollection":{"type":"variable","value":"bdm_reglas_filtro[0].ordenes"}},"reference":"b166a78c-a463-47a9-9f41-f7ff59176e3b","rows":[[{"type":"component","dimension":{"xs":12,"sm":12,"md":3,"lg":3},"propertyValues":{"cssClasses":{"type":"constant","value":""},"hidden":{"type":"constant","value":false},"disabled":{"type":"constant","value":false},"required":{"type":"constant","value":true},"labelHidden":{"type":"constant","value":false},"label":{"type":"interpolation","value":"Orden"},"labelPosition":{"type":"constant","value":"top"},"labelWidth":{"type":"constant","value":4},"placeholder":{"type":"interpolation","value":"Seleccione un orden"},"availableValues":{"type":"expression","value":"claves"},"displayedKey":{"type":"constant"},"returnedKey":{"type":"constant"},"value":{"type":"variable","value":"$item.orden"}},"reference":"d621b2d5-a9fb-416e-b75e-2d0124688c92","id":"pbSelect"},{"type":"component","dimension":{"xs":12,"sm":12,"md":2,"lg":2},"propertyValues":{"cssClasses":{"type":"constant","value":""},"hidden":{"type":"constant","value":false},"disabled":{"type":"constant","value":false},"required":{"type":"constant","value":true},"labelHidden":{"type":"constant","value":false},"label":{"type":"interpolation","value":"Criterio"},"labelPosition":{"type":"constant","value":"top"},"labelWidth":{"type":"constant","value":4},"placeholder":{"type":"interpolation","value":"Select an option"},"availableValues":{"type":"constant","value":["ASC","DESC"]},"displayedKey":{"type":"constant"},"returnedKey":{"type":"constant"},"value":{"type":"variable","value":"$item.criterio"}},"reference":"21382625-a73a-46a5-acd2-1f0de1eab295","id":"pbSelect"},{"type":"component","dimension":{"xs":12,"sm":12,"md":7,"lg":7},"propertyValues":{"cssClasses":{"type":"constant","value":"alert"},"hidden":{"type":"constant","value":false},"disabled":{"type":"constant","value":false},"label":{"type":"interpolation","value":"Eliminar"},"alignment":{"type":"constant","value":"right"},"buttonStyle":{"type":"constant","value":"danger"},"action":{"type":"constant","value":"Remove from collection"},"url":{"type":"interpolation"},"dataToSend":{"type":"constant","value":"temp"},"dataFromSuccess":{"type":"variable"},"dataFromError":{"type":"variable"},"targetUrlOnSuccess":{"type":"interpolation"},"collectionToModify":{"type":"variable","value":"bdm_reglas_filtro[0].ordenes"},"collectionPosition":{"type":"constant","value":"Item"},"valueToAdd":{"type":"constant"},"removeItem":{"type":"variable","value":"$item"}},"reference":"8f49ba4b-7729-406d-bdb4-0e14a31a49bf","id":"pbButton"}]]}],[{"type":"component","dimension":{"xs":12,"sm":12,"md":12,"lg":12},"propertyValues":{"cssClasses":{"type":"constant","value":"alert"},"hidden":{"type":"constant","value":false},"disabled":{"type":"constant","value":false},"label":{"type":"interpolation","value":"Añadir orden"},"alignment":{"type":"constant","value":"right"},"buttonStyle":{"type":"constant","value":"success"},"action":{"type":"constant","value":"Add to collection"},"url":{"type":"interpolation"},"dataToSend":{"type":"constant"},"dataFromSuccess":{"type":"variable"},"dataFromError":{"type":"variable"},"targetUrlOnSuccess":{"type":"interpolation"},"collectionToModify":{"type":"variable","value":"bdm_reglas_filtro[0].ordenes"},"collectionPosition":{"type":"constant","value":"Last"},"valueToAdd":{"type":"constant"},"removeItem":{"type":"variable"}},"reference":"9519db5c-be61-49eb-8a81-f4ec81573648","id":"pbButton"}]]}],[{"type":"component","dimension":{"xs":12,"sm":12,"md":12,"lg":12},"propertyValues":{"cssClasses":{"type":"constant","value":""},"hidden":{"type":"expression","value":"temp.firstTime"},"disabled":{"type":"expression","value":"$form.$invalid || $form.$pristine"},"label":{"type":"interpolation","value":"Guardar plantilla en BDM"},"alignment":{"type":"constant","value":"center"},"buttonStyle":{"type":"constant","value":"info"},"action":{"type":"constant","value":"POST"},"url":{"type":"interpolation","value":"../API/bpm/process/{{guardarReglas[0].id}}/instantiation"},"dataToSend":{"type":"expression","value":"regla"},"dataFromSuccess":{"type":"variable","value":"msg"},"dataFromError":{"type":"variable","value":"msg"},"targetUrlOnSuccess":{"type":"interpolation"},"collectionToModify":{"type":"variable"},"collectionPosition":{"type":"constant","value":"Last"},"valueToAdd":{"type":"constant"},"removeItem":{"type":"variable"}},"reference":"825b0b4b-473f-4a0f-a2bd-7c1b2c399a2c","id":"pbButton"}],[{"type":"component","dimension":{"xs":12,"sm":12,"md":12,"lg":12},"propertyValues":{"cssClasses":{"type":"constant","value":""},"hidden":{"type":"expression","value":"!msg"},"text":{"type":"interpolation","value":"{{msg}}"},"alignment":{"type":"constant","value":"left"}},"reference":"6da78941-985c-449d-b8cd-7f133f2541fc","id":"pbText"}],[{"type":"component","dimension":{"xs":12,"sm":12,"md":12,"lg":12},"propertyValues":{"cssClasses":{"type":"constant","value":""},"hidden":{"type":"constant","value":true},"text":{"type":"interpolation","value":"<pre>{{$form | json}}</pre>"},"alignment":{"type":"constant","value":"left"}},"reference":"fd21b277-cab3-4411-bea8-ac5772aa070f","id":"pbText"}]]}}]]}]]}],[{"type":"container","dimension":{"xs":12,"sm":12,"md":12,"lg":12},"propertyValues":{"cssClasses":{"type":"constant","value":""},"hidden":{"type":"constant","value":false},"repeatedCollection":{"type":"variable"}},"reference":"6a2d71cd-b4ac-4249-8df2-6d663cde4230","rows":[[{"type":"component","dimension":{"xs":12,"sm":12,"md":12,"lg":12},"propertyValues":{"cssClasses":{"type":"constant","value":""},"hidden":{"type":"constant","value":false},"text":{"type":"interpolation","value":"Debug"},"level":{"type":"constant","value":"Level 2"},"alignment":{"type":"constant","value":"center"}},"reference":"333dee5c-c242-4a47-a199-11b3bf643117","id":"pbTitle"}],[{"type":"component","dimension":{"xs":12,"sm":12,"md":6,"lg":6},"propertyValues":{"cssClasses":{"type":"constant","value":""},"hidden":{"type":"constant","value":false},"text":{"type":"interpolation","value":"temp<pre>{{temp| json}}</pre>"},"alignment":{"type":"constant","value":"left"}},"reference":"1e14fe98-5c12-4d87-9b19-8df072692c59","id":"pbText"},{"type":"component","dimension":{"xs":12,"sm":12,"md":6,"lg":6},"propertyValues":{"cssClasses":{"type":"constant","value":""},"hidden":{"type":"constant","value":false},"text":{"type":"interpolation","value":"bdm_reglas_filtro<pre>{{bdm_reglas_filtro| json}}</pre>"},"alignment":{"type":"constant","value":"left"}},"reference":"15ad51aa-20b1-43c0-8604-b1d799dc8919","id":"pbText"}]]}]],"assets":[{"id":"6bf10295-55bf-4a0c-a229-00ce40f9e13e","name":"localization.json","type":"json","order":0,"external":false}],"inactiveAssets":[],"data":{"processList":{"type":"url","value":"http://localhost:10969/bonita/API/bpm/process?p=0&c=100","exposed":false},"actorList":{"type":"url","value":"../API/bpm/actor?p=0&c=10&f=process_id={{temp.processSelected.id}}&n=users&n=group&n=roles&n=memberships","exposed":false},"temp":{"type":"json","value":"{}","exposed":false},"userList":{"type":"url","value":"../API/extension/usersByActor?p=0&c=100&pid={{temp.processSelected.id}}&actor={{temp.actorSelected.name}}","exposed":false},"regla":{"type":"expression","value":"return {\n  \"reglasInput\" :{\n    \"pId\": $data.temp.processSelected.id,\n    \"pNombre\": $data.temp.processSelected.name,\n    \"pVersion\": $data.temp.processSelected.version,\n    \"aId\": $data.temp.actorSelected.id,\n    \"aNombre\": $data.temp.actorSelected.name,\n    \"uId\": $data.temp.userSelected.id,\n    \"uNombre\": $data.temp.userSelected.name,\n    \"restricciones\": $data.bdm_reglas_filtro[0].restricciones,\n    \"prioridades\": $data.bdm_reglas_filtro[0].prioridades,\n    \"ordenes\": $data.bdm_reglas_filtro[0].ordenes,\n    \"persistenceId\": $data.bdm_reglas_filtro[0].persistenceId\n  }\n};\n","exposed":false},"msg":{"type":"constant","exposed":false},"guardarReglas":{"type":"url","value":"../API/bpm/process?p=0&c=1&f=name=GuardarReglas&o=version%20DESC","exposed":false},"bdm_reglas":{"type":"url","value":"../API/bdm/businessData/com.company.model.Reglas?p=0&c=100&q=find","exposed":false},"bdm_reglas_filtro":{"type":"url","value":"../API/bdm/businessData/com.company.model.Reglas?p=0&c=100&q=findFilter&f=pNombre={{temp.processSelected.name}}&f=uId={{temp.userSelected.id}}","exposed":false},"Acontroler":{"type":"expression","value":"if($data.msg.caseId !== null){\n    alert(\"Las reglas se han guardado\");\n    $data.temp.userSelected = undefined;\n    $data.temp.actorSelected = undefined;\n    $data.msg = undefined;\n}","exposed":false},"clavesDeBusqueda":{"type":"json","value":"[\n    {\n        \"id_caso\":\"1\",\n        \"clave\": \"Monto\",\n        \"valor\": \"100000\",\n        \"entidad\": \"pnDataProceso\"\n    },\n    {\n        \"id_caso\":\"1\",\n        \"clave\": \"VEHICULO\",\n        \"valor\": \"16000000\",\n        \"entidad\": \"pnDataProceso\"\n    }\n]","exposed":false},"claves":{"type":"json","value":"[\n    \"Producto\",\n    \"Monto\",\n    \"TipoCliente\",\n    \"TechnoIndividual\",\n    \"TechoGlobal\",\n    \"PrioridadCliente\",\n    \"Nueva\",\n    \"Reconsideración\",\n    \"FuerzaVenta\",\n    \"NombreConvenio\"\n]","exposed":false},"clavesObj":{"type":"json","value":"{\n        \"claves\": [\n            \"Producto\",\n            \"Monto\",\n            \"TipoCliente\",\n            \"TechnoIndividual\",\n            \"TechoGlobal\",\n            \"PrioridadCliente\",\n            \"Nueva\",\n            \"Reconsideración\",\n            \"FuerzaVenta\",\n            \"NombreConvenio\"\n        ],\n        \"productos\":[\n            \"Libranzas\",\n            \"Vehículos\",\n            \"Seguros\",\n            \"Ofertas\"\n        ]\n    \n    }    \n","exposed":false},"pesoTotal":{"type":"expression","value":"if($data.temp.userSelected && $data.bdm_reglas_filtro.length !== 0){\n    var pesoTotal = parseInt(0);\n    $data.bdm_reglas_filtro[0].prioridades.forEach(function(elem){\n       pesoTotal += parseInt(elem.peso);\n    });\n    return pesoTotal;\n}\n\n","exposed":false}}}