{
  "designerVersion" : "1.7.25",
  "previousDesignerVersion" : "1.5.10",
  "id" : "c64d9a07-2885-4e12-879f-a8d0cc9e4ffe",
  "name" : "obtenerTarea",
  "lastUpdate" : 1532830324531,
  "rows" : [ [ {
    "type" : "formContainer",
    "dimension" : {
      "xs" : 12,
      "sm" : 12,
      "md" : 12,
      "lg" : 12
    },
    "propertyValues" : {
      "cssClasses" : {
        "type" : "constant",
        "value" : "scrolling=\"yes\""
      },
      "hidden" : {
        "type" : "constant",
        "value" : false
      }
    },
    "reference" : "d4afd909-5f21-4c5d-993c-9dff876e525a",
    "id" : "pbFormContainer",
    "container" : {
      "type" : "container",
      "dimension" : {
        "xs" : 12
      },
      "propertyValues" : { },
      "reference" : "e0d09e55-cf9e-473d-8e38-d9ed76f98b63",
      "id" : "pbContainer",
      "rows" : [ [ {
        "type" : "container",
        "dimension" : {
          "xs" : 12,
          "sm" : 12,
          "md" : 12,
          "lg" : 12
        },
        "propertyValues" : {
          "cssClasses" : {
            "type" : "constant",
            "value" : ""
          },
          "hidden" : {
            "type" : "constant",
            "value" : false
          },
          "repeatedCollection" : {
            "type" : "variable"
          }
        },
        "reference" : "20bc1eb1-a8ea-498d-8710-81669313fb3f",
        "id" : "pbContainer",
        "rows" : [ [ {
          "type" : "container",
          "dimension" : {
            "xs" : 12,
            "sm" : 12,
            "md" : 12,
            "lg" : 12
          },
          "propertyValues" : {
            "cssClasses" : {
              "type" : "constant",
              "value" : "divs"
            },
            "hidden" : {
              "type" : "constant",
              "value" : false
            },
            "repeatedCollection" : {
              "type" : "variable"
            }
          },
          "reference" : "7eabd135-24f4-4f77-bc98-18ff883e4fcc",
          "id" : "pbContainer",
          "rows" : [ [ {
            "type" : "container",
            "dimension" : {
              "xs" : 12,
              "sm" : 12,
              "md" : 8,
              "lg" : 8
            },
            "propertyValues" : {
              "cssClasses" : {
                "type" : "constant",
                "value" : ""
              },
              "hidden" : {
                "type" : "constant",
                "value" : false
              },
              "repeatedCollection" : {
                "type" : "variable"
              }
            },
            "reference" : "d26374de-d13d-42da-a42a-526aef9c608b",
            "id" : "pbContainer",
            "rows" : [ [ {
              "type" : "component",
              "dimension" : {
                "xs" : 12,
                "sm" : 12,
                "md" : 12,
                "lg" : 12
              },
              "propertyValues" : {
                "cssClasses" : {
                  "type" : "constant",
                  "value" : "wrapper"
                },
                "hidden" : {
                  "type" : "constant",
                  "value" : false
                },
                "text" : {
                  "type" : "interpolation",
                  "value" : "<div >\n\t<div>\n\t\t<div >\n    \t <div >\n            <div >\n                <div>\n<h1><strong class=\"boldText\">Proceso: </strong>{{tarea.rootContainerId.displayName}}</h1>\n                    <h2>{{tarea.assigned_id.firstname }} {{tarea.assigned_id.lastname}}</h2>\n                    \n\t\t\t\t\t<div>\n<p></p>\n<p><strong>Nombre de la  Tarea: </strong>{{tarea.displayName}} </p>\n\t\t\t\t\t    <p><strong>Fecha Asignación: </strong> {{tarea.assigned_date | date}}</p>\n\n\t\t\t\t\t</div>\n                    \n                </div>             \n                \n            </div>            \n            \n    \t </div>                 \n\t\t</div>\n\t</div>"
                },
                "alignment" : {
                  "type" : "constant",
                  "value" : "left"
                },
                "allowHTML" : {
                  "type" : "constant",
                  "value" : true
                }
              },
              "reference" : "193b9ba4-d92d-43cb-a9a5-8c4a1aa8614c",
              "id" : "pbText"
            } ] ]
          }, {
            "type" : "container",
            "dimension" : {
              "xs" : 12,
              "sm" : 12,
              "md" : 4,
              "lg" : 4
            },
            "propertyValues" : {
              "cssClasses" : {
                "type" : "constant",
                "value" : "col"
              },
              "hidden" : {
                "type" : "constant",
                "value" : false
              },
              "repeatedCollection" : {
                "type" : "variable"
              }
            },
            "reference" : "80e2646a-3253-4e61-9179-f838609fd8d0",
            "id" : "pbContainer",
            "rows" : [ [ {
              "type" : "component",
              "dimension" : {
                "xs" : 12,
                "sm" : 12,
                "md" : 12,
                "lg" : 12
              },
              "propertyValues" : {
                "cssClasses" : {
                  "type" : "constant",
                  "value" : ""
                },
                "hidden" : {
                  "type" : "constant",
                  "value" : false
                },
                "text" : {
                  "type" : "interpolation",
                  "value" : "<h1></h1>\n<h1></h1>\n<h1></h1>"
                },
                "alignment" : {
                  "type" : "constant",
                  "value" : "left"
                },
                "allowHTML" : {
                  "type" : "constant",
                  "value" : true
                }
              },
              "reference" : "9322e3d9-02f2-4e98-b5ef-62abe3b889da",
              "id" : "pbText"
            } ], [ {
              "type" : "component",
              "dimension" : {
                "xs" : 12,
                "sm" : 12,
                "md" : 12,
                "lg" : 12
              },
              "propertyValues" : {
                "cssClasses" : {
                  "type" : "constant",
                  "value" : ""
                },
                "hidden" : {
                  "type" : "constant",
                  "value" : false
                },
                "disabled" : {
                  "type" : "constant",
                  "value" : false
                },
                "label" : {
                  "type" : "interpolation",
                  "value" : "Asignarme una tarea"
                },
                "alignment" : {
                  "type" : "constant",
                  "value" : "center"
                },
                "buttonStyle" : {
                  "type" : "constant",
                  "value" : "primary"
                },
                "action" : {
                  "type" : "constant",
                  "value" : "GET"
                },
                "url" : {
                  "type" : "interpolation",
                  "value" : "/bonita/API/extension/asignador"
                },
                "dataToSend" : {
                  "type" : "constant"
                },
                "dataFromSuccess" : {
                  "type" : "variable",
                  "value" : "asignadorRestResponse"
                },
                "dataFromError" : {
                  "type" : "variable",
                  "value" : "msg"
                },
                "targetUrlOnSuccess" : {
                  "type" : "interpolation"
                },
                "collectionToModify" : {
                  "type" : "variable"
                },
                "collectionPosition" : {
                  "type" : "constant",
                  "value" : "Last"
                },
                "valueToAdd" : {
                  "type" : "constant"
                },
                "removeItem" : {
                  "type" : "variable"
                }
              },
              "reference" : "2207d687-35f1-4784-a218-ea382ef5ab5d",
              "id" : "customButtonJP"
            } ], [ {
              "type" : "component",
              "dimension" : {
                "xs" : 12,
                "sm" : 12,
                "md" : 12,
                "lg" : 12
              },
              "propertyValues" : {
                "cssClasses" : {
                  "type" : "constant",
                  "value" : ""
                },
                "hidden" : {
                  "type" : "constant",
                  "value" : false
                },
                "disabled" : {
                  "type" : "constant",
                  "value" : false
                },
                "label" : {
                  "type" : "interpolation",
                  "value" : "Tareas pendientes"
                },
                "alignment" : {
                  "type" : "constant",
                  "value" : "center"
                },
                "buttonStyle" : {
                  "type" : "constant",
                  "value" : "primary"
                },
                "action" : {
                  "type" : "constant",
                  "value" : "Add to collection"
                },
                "url" : {
                  "type" : "interpolation"
                },
                "dataToSend" : {
                  "type" : "constant"
                },
                "dataFromSuccess" : {
                  "type" : "variable"
                },
                "dataFromError" : {
                  "type" : "variable"
                },
                "targetUrlOnSuccess" : {
                  "type" : "interpolation"
                },
                "collectionToModify" : {
                  "type" : "variable",
                  "value" : "modals"
                },
                "collectionPosition" : {
                  "type" : "constant",
                  "value" : "Last"
                },
                "valueToAdd" : {
                  "type" : "constant",
                  "value" : "$item"
                },
                "removeItem" : {
                  "type" : "variable"
                }
              },
              "reference" : "637dc48d-7182-4401-a6e2-412ed5178958",
              "id" : "customButtonJP"
            } ] ]
          } ], [ {
            "type" : "component",
            "dimension" : {
              "xs" : 12,
              "sm" : 12,
              "md" : 12,
              "lg" : 12
            },
            "propertyValues" : {
              "cssClasses" : {
                "type" : "constant",
                "value" : ""
              },
              "hidden" : {
                "type" : "constant",
                "value" : false
              },
              "type" : {
                "type" : "constant",
                "value" : "Doughnut"
              },
              "data" : {
                "type" : "expression",
                "value" : "arrayTareas"
              },
              "labels" : {
                "type" : "constant",
                "value" : [ "Pendientes", "Realizadas" ]
              },
              "setLabels" : {
                "type" : "constant",
                "value" : [ "Default set label" ]
              },
              "legendHidden" : {
                "type" : "constant",
                "value" : true
              },
              "colors" : {
                "type" : "constant"
              },
              "options" : {
                "type" : "constant"
              }
            },
            "reference" : "7c098c41-1d72-475d-8ad5-04af3cb2b25c",
            "id" : "customProgressBar"
          } ] ]
        } ], [ {
          "type" : "container",
          "dimension" : {
            "xs" : 12,
            "sm" : 12,
            "md" : 12,
            "lg" : 12
          },
          "propertyValues" : {
            "cssClasses" : {
              "type" : "constant",
              "value" : "Modal-overlay"
            },
            "hidden" : {
              "type" : "constant",
              "value" : false
            },
            "repeatedCollection" : {
              "type" : "variable",
              "value" : "modals"
            }
          },
          "reference" : "70b0d52e-d19c-42fa-8600-6bbc4ee17cf8",
          "id" : "pbContainer",
          "rows" : [ [ {
            "type" : "container",
            "dimension" : {
              "xs" : 12,
              "sm" : 12,
              "md" : 12,
              "lg" : 12
            },
            "propertyValues" : {
              "cssClasses" : {
                "type" : "constant",
                "value" : "Modal-content"
              },
              "hidden" : {
                "type" : "constant",
                "value" : false
              },
              "repeatedCollection" : {
                "type" : "variable"
              }
            },
            "reference" : "4df66e5d-5c46-4d9a-addc-c0a3949f43d9",
            "id" : "pbContainer",
            "rows" : [ [ {
              "type" : "component",
              "dimension" : {
                "xs" : 12,
                "sm" : 12,
                "md" : 12,
                "lg" : 12
              },
              "propertyValues" : {
                "cssClasses" : {
                  "type" : "constant",
                  "value" : "boldText"
                },
                "hidden" : {
                  "type" : "constant",
                  "value" : false
                },
                "text" : {
                  "type" : "interpolation",
                  "value" : "Tareas pendientes"
                },
                "level" : {
                  "type" : "constant",
                  "value" : "Level 1"
                },
                "alignment" : {
                  "type" : "constant",
                  "value" : "left"
                }
              },
              "reference" : "3fcd6e22-cd9a-4101-88e3-53dbfbbfb062",
              "id" : "pbTitle"
            } ], [ {
              "type" : "component",
              "dimension" : {
                "xs" : 12,
                "sm" : 12,
                "md" : 12,
                "lg" : 12
              },
              "propertyValues" : {
                "cssClasses" : {
                  "type" : "constant",
                  "value" : ""
                },
                "hidden" : {
                  "type" : "expression",
                  "value" : "tareasPendientes.length == 0"
                },
                "headers" : {
                  "type" : "constant",
                  "value" : [ "Fecha de asignación", "Nombre", "ID", "Fecha de entrega", "Prioridad", "Fecha de ultima actualización" ]
                },
                "type" : {
                  "type" : "constant",
                  "value" : "Variable"
                },
                "apiUrl" : {
                  "type" : "constant",
                  "value" : "../API/"
                },
                "params" : {
                  "type" : "constant",
                  "value" : "caseId, name, id"
                },
                "content" : {
                  "type" : "expression",
                  "value" : "tareasPendientes"
                },
                "columnsKey" : {
                  "type" : "constant",
                  "value" : [ "assigned_date", "displayName", "caseId", "dueDate", "priority", "last_update_date" ]
                },
                "sortColumns" : {
                  "type" : "constant"
                },
                "selectedRow" : {
                  "type" : "variable"
                },
                "defaultPageSize" : {
                  "type" : "constant",
                  "value" : 5
                },
                "filter" : {
                  "type" : "constant"
                },
                "actions" : {
                  "type" : "variable",
                  "value" : "tableActions"
                },
                "isEmpty" : {
                  "type" : "variable"
                },
                "highlightedRows" : {
                  "type" : "constant"
                },
                "highlightedRowsProperty" : {
                  "type" : "constant"
                },
                "defaultSortColumn" : {
                  "type" : "constant"
                },
                "defaultSortOrder" : {
                  "type" : "constant",
                  "value" : "ASC"
                },
                "pageSizes" : {
                  "type" : "constant",
                  "value" : [ "2", "5", "10", "20", "50" ]
                }
              },
              "reference" : "b02100a0-942c-44ae-b736-66723823f396",
              "id" : "customDataTableWithSettingsEmptyAndActions"
            } ], [ {
              "type" : "component",
              "dimension" : {
                "xs" : 12,
                "sm" : 12,
                "md" : 6,
                "lg" : 6
              },
              "propertyValues" : {
                "cssClasses" : {
                  "type" : "constant",
                  "value" : ""
                },
                "hidden" : {
                  "type" : "expression",
                  "value" : "tareasPendientes.length != 0"
                },
                "text" : {
                  "type" : "interpolation",
                  "value" : "<p> </p><p> </p><span class=\"glyphicon glyphicon-warning-sign\" ></span> No hay tareas pendientes"
                },
                "alignment" : {
                  "type" : "constant",
                  "value" : "left"
                },
                "allowHTML" : {
                  "type" : "constant",
                  "value" : true
                }
              },
              "reference" : "82a15343-8770-42ab-a21c-b0e6efc6feb2",
              "id" : "pbText"
            }, {
              "type" : "component",
              "dimension" : {
                "xs" : 12,
                "sm" : 12,
                "md" : 6,
                "lg" : 6
              },
              "propertyValues" : {
                "cssClasses" : {
                  "type" : "constant",
                  "value" : ""
                },
                "hidden" : {
                  "type" : "constant",
                  "value" : false
                },
                "disabled" : {
                  "type" : "constant",
                  "value" : false
                },
                "label" : {
                  "type" : "interpolation",
                  "value" : "Cerrar"
                },
                "alignment" : {
                  "type" : "constant",
                  "value" : "right"
                },
                "buttonStyle" : {
                  "type" : "constant",
                  "value" : "primary"
                },
                "action" : {
                  "type" : "constant",
                  "value" : "Remove from collection"
                },
                "url" : {
                  "type" : "interpolation"
                },
                "dataToSend" : {
                  "type" : "constant"
                },
                "dataFromSuccess" : {
                  "type" : "variable"
                },
                "dataFromError" : {
                  "type" : "variable"
                },
                "targetUrlOnSuccess" : {
                  "type" : "interpolation"
                },
                "collectionToModify" : {
                  "type" : "variable",
                  "value" : "modals"
                },
                "collectionPosition" : {
                  "type" : "constant",
                  "value" : "Last"
                },
                "valueToAdd" : {
                  "type" : "constant"
                },
                "removeItem" : {
                  "type" : "variable",
                  "value" : "$item"
                }
              },
              "reference" : "c539159f-2610-40ef-a3e5-5834dd60a6c1",
              "id" : "pbButton"
            } ] ]
          } ] ]
        } ] ]
      } ], [ {
        "type" : "container",
        "dimension" : {
          "xs" : 12,
          "sm" : 12,
          "md" : 12,
          "lg" : 12
        },
        "propertyValues" : {
          "cssClasses" : {
            "type" : "constant",
            "value" : ""
          },
          "hidden" : {
            "type" : "expression",
            "value" : "!urlFormRe"
          },
          "repeatedCollection" : {
            "type" : "variable"
          }
        },
        "reference" : "c61a1ff4-916e-4f18-aa15-1392ab3d46c4",
        "id" : "pbContainer",
        "rows" : [ [ {
          "type" : "component",
          "dimension" : {
            "xs" : 12,
            "sm" : 12,
            "md" : 12,
            "lg" : 12
          },
          "propertyValues" : {
            "cssClasses" : {
              "type" : "constant",
              "value" : ""
            },
            "hidden" : {
              "type" : "constant",
              "value" : false
            },
            "value" : {
              "type" : "expression",
              "value" : "urlFormRe"
            }
          },
          "reference" : "e226df25-8af6-4c3d-b844-33c274cfeaa1",
          "id" : "customFormIframe"
        } ] ]
      } ] ]
    }
  } ] ],
  "assets" : [ {
    "id" : "0cfc16a4-c0b9-4bc1-9eba-ceb49f8e48e3",
    "name" : "style.css",
    "type" : "css",
    "order" : 37,
    "external" : false
  }, {
    "id" : "edc81cdd-5311-481c-9d03-d8f2c4706c7d",
    "name" : "ui-bootstrap-tpls-0.13.0.min.js",
    "type" : "js",
    "order" : 38,
    "external" : false
  }, {
    "id" : "7a12054c-aa2c-48da-a0f0-da2e39101067",
    "name" : "localization.json",
    "type" : "json",
    "order" : 0,
    "external" : false
  }, {
    "id" : "6673c257-227e-468a-bf70-b2bcdf5af5e7",
    "name" : "all.css",
    "type" : "css",
    "order" : 36,
    "external" : false
  }, {
    "id" : "2bdc1420-f418-462e-a8f6-606cfefe9eae",
    "name" : "trycore-bbva-min (1).css",
    "type" : "css",
    "order" : 34,
    "external" : false
  } ],
  "inactiveAssets" : [ ],
  "data" : {
    "asignadorRestResponse" : {
      "type" : "json",
      "value" : "{}",
      "exposed" : false
    },
    "caso" : {
      "type" : "url",
      "value" : "../API/bpm/case/{{asignadorRestResponse.task.caseId}}?d=started_by&d=processDefinitionId",
      "exposed" : false
    },
    "mappingTask" : {
      "type" : "url",
      "value" : "../API/form/mapping?c=1&f=processDefinitionId={{caso.processDefinitionId.id}}&f=task={{asignadorRestResponse.task.name.replace(' ','+')}}&f=type=TASK&p=0",
      "exposed" : false
    },
    "urlForm" : {
      "type" : "expression",
      "value" : "var uri = \"\";\n\nif($data.mappingTask.length == 0 ){\n    return '';\n}\n\nuri += \"/bonita/portal/resource/\";\nuri += $data.mappingTask[0].pageMappingKey  ;\nuri += \"/content/?id=\";\nuri += $data.asignadorRestResponse.task.id;\n\nreturn encodeURI(uri); ",
      "exposed" : false
    },
    "errorMessage" : {
      "type" : "json",
      "value" : "{}",
      "exposed" : false
    },
    "temp" : {
      "type" : "json",
      "value" : "{\n    \"isEmpty\":true,\n    \"modals\":[],\n    \"toaster\":[],\n    \"errorInstanciacion\" : \"Sin Error\"\n}",
      "exposed" : false
    },
    "msg" : {
      "type" : "json",
      "value" : "{}",
      "exposed" : false
    },
    "user" : {
      "type" : "url",
      "value" : "../API/system/session/1",
      "exposed" : false
    },
    "tareasPendientes" : {
      "type" : "url",
      "value" : "../API/bpm/humanTask?c=300&f=state=ready&f=assigned_id={{user.user_id}}&p=0",
      "exposed" : false
    },
    "tareasRealizadas" : {
      "type" : "url",
      "value" : "/bonita/API/extension/numberOfCaseToday?p=0&c=300&userId={{user.user_id}}",
      "exposed" : false
    },
    "tarea" : {
      "type" : "url",
      "value" : "../API/bpm/flowNode/{{asignadorRestResponse.task.id}}?d=processId&d=executedBy&d=rootContainerId&d=assigned_id&d=executedBySubstitute&d=parentTaskId",
      "exposed" : false
    },
    "arrayTareas" : {
      "type" : "expression",
      "value" : "var pend = $data.tareasPendientes.length;\nvar reali = $data.tareasRealizadas.number;\n\nvar array = [pend, reali];\n\nreturn array;",
      "exposed" : false
    },
    "buttonBool" : {
      "type" : "expression",
      "value" : "\n\nreturn $data.asignadorRestResponse != null ? true : false;",
      "exposed" : false
    },
    "tableActions" : {
      "type" : "expression",
      "value" : "return [\r\n    {\r\n    \t\"name\": \"Seleccionar\",\r\n    \t\"glyphicon\": \"btn btn-info\",\r\n    \t\"tag\": \"Seleccionar tarea\",\r\n    \t\"disabled\": false,\r\n    \t\"handler\": function(row) {\r\n    \t    $data.modals = [],\r\n    \t    $data.caso = [],\r\n    \t    $data.mappingTask = [],\r\n    \t    $data.asignadorRestResponse = {\r\n                \"task\": {\r\n                    \"caseId\":  row.caseId,\r\n                    \"name\": row.name,\r\n                    \"id\": row.id\r\n                }\t\r\n            }\r\n    \t}\r\n    }\r\n];",
      "exposed" : false
    },
    "modals" : {
      "type" : "json",
      "value" : "[]",
      "exposed" : false
    },
    "urlFormRe" : {
      "type" : "expression",
      "value" : "var uri = \"\";\n\nif($data.mappingTask.length == 0 ){\n    uri += \"/bonita/portal/resource/\";\n    uri += \"taskInstance/\";\n    if($data.asignadorRestResponse.task.name == \"Evaluacion y Sancion\" || $data.asignadorRestResponse.task.name == \"Cierre operativo\")\n        uri += \"Riesgos\";\n    else if ($data.asignadorRestResponse.task.name == \"Validación Desembolso\")\n        uri += \"Validacion Desembolso\";\n    else if  ($data.asignadorRestResponse.task.name == \"Resultado de evaluacion y modificacion radicacion\")\n        uri += \"Resultado evaluacion\";\n    else\n        uri += $data.asignadorRestResponse.task.name;\n    \n    uri += \"/\";\n    uri += $data.caso.processDefinitionId.version;\n    uri += \"/\";\n    uri += $data.asignadorRestResponse.task.name;\n    uri += \"/content/?id=\";\n    uri += $data.asignadorRestResponse.task.id;\n\n   console.log(\"mierda--ACA\")\nreturn encodeURI(uri); \n}\n\nuri += \"/bonita/portal/resource/\";\nuri += $data.mappingTask[0].pageMappingKey  ;\nuri += \"/content/?id=\";\nuri += $data.asignadorRestResponse.task.id;\n\nreturn encodeURI(uri); \n\n\n",
      "exposed" : false
    }
  },
  "uuid" : "c64d9a07-2885-4e12-879f-a8d0cc9e4ffe",
  "type" : "page"
}