{"designerVersion":"1.4.34","id":"263b77c3-7e9c-44d7-bc40-0ceb1fdae54f","name":"AsignadorDeTareasv86","type":"page","lastUpdate":1508404886335,"rows":[[{"type":"component","dimension":{"xs":12,"sm":12,"md":12,"lg":12},"propertyValues":{"cssClasses":{"type":"constant","value":""},"hidden":{"type":"constant","value":false},"text":{"type":"interpolation","value":"Gestor de reglas"},"level":{"type":"constant","value":"Level 2"},"alignment":{"type":"constant","value":"left"}},"reference":"303567be-77ba-437f-a41f-e7f6b905ba8e","id":"pbTitle"}],[{"type":"container","dimension":{"xs":12,"sm":12,"md":12,"lg":12},"propertyValues":{"cssClasses":{"type":"constant","value":"alert seccion"},"hidden":{"type":"constant","value":false},"repeatedCollection":{"type":"variable"}},"reference":"147cf239-5b00-46ca-a681-6ff2980e6421","rows":[[{"type":"component","dimension":{"xs":12,"sm":3,"md":3,"lg":3},"propertyValues":{"cssClasses":{"type":"constant","value":""},"hidden":{"type":"constant","value":false},"disabled":{"type":"constant","value":false},"required":{"type":"constant","value":false},"labelHidden":{"type":"constant","value":false},"label":{"type":"interpolation","value":"Categoría"},"labelPosition":{"type":"constant","value":"top"},"labelWidth":{"type":"constant","value":4},"placeholder":{"type":"interpolation","value":"Seleccione categoría de proceso"},"availableValues":{"type":"expression","value":"categorias"},"displayedKey":{"type":"constant","value":"name"},"returnedKey":{"type":"constant","value":""},"value":{"type":"variable","value":"temp.categoriaSelected"}},"reference":"27f6e673-a800-4ffd-a0de-3a26c18465fd","id":"pbSelect"},{"type":"component","dimension":{"xs":12,"sm":12,"md":3,"lg":3},"propertyValues":{"cssClasses":{"type":"constant","value":""},"hidden":{"type":"expression","value":"!temp.categoriaSelected"},"value":{"type":"variable","value":"usuariosSeleccionados"},"availableValues":{"type":"expression","value":"usuariosListado"},"buttonLabel":{"type":"constant","value":"name"},"itemLabel":{"type":"constant","value":"name"},"outputProperties":{"type":"constant","value":"name id"},"labelHidden":{"type":"constant","value":false},"required":{"type":"constant","value":false},"labelPosition":{"type":"constant","value":"top"},"label":{"type":"constant","value":"Usuarios"},"labelWidth":{"type":"constant","value":4}},"reference":"d1e4ed68-0231-45c1-8279-b5589c9fadf1","id":"customMultiSelection"},{"type":"component","dimension":{"xs":12,"sm":12,"md":3,"lg":3},"propertyValues":{"cssClasses":{"type":"constant","value":"bt-primario font"},"hidden":{"type":"constant","value":false},"disabled":{"type":"expression","value":"!temp.categoriaSelected"},"label":{"type":"interpolation","value":"Cargar plantilla"},"alignment":{"type":"constant","value":"right"},"buttonStyle":{"type":"constant","value":"default"},"action":{"type":"constant","value":"GET"},"url":{"type":"interpolation","value":"http://localhost:9090/services/reglas?categoria={{temp.categoriaSelected.name}}&plantilla"},"dataToSend":{"type":"constant"},"dataFromSuccess":{"type":"variable","value":"reglasCargadas"},"dataFromError":{"type":"variable"},"targetUrlOnSuccess":{"type":"interpolation"},"collectionToModify":{"type":"variable"},"collectionPosition":{"type":"constant","value":"Last"},"valueToAdd":{"type":"constant"},"removeItem":{"type":"variable"}},"reference":"56c9c974-0bff-44e8-b5e0-a6bae85c4e21","id":"pbButton"},{"type":"component","dimension":{"xs":12,"sm":12,"md":3,"lg":3},"propertyValues":{"cssClasses":{"type":"constant","value":"bt-primario-inv font"},"hidden":{"type":"constant","value":false},"disabled":{"type":"constant","value":false},"label":{"type":"interpolation","value":"Guardar reglas en plantilla"},"alignment":{"type":"constant","value":"right"},"buttonStyle":{"type":"constant","value":"default"},"action":{"type":"constant","value":"Submit task"},"url":{"type":"interpolation"},"dataToSend":{"type":"constant"},"dataFromSuccess":{"type":"variable"},"dataFromError":{"type":"variable"},"targetUrlOnSuccess":{"type":"interpolation"},"collectionToModify":{"type":"variable"},"collectionPosition":{"type":"constant","value":"Last"},"valueToAdd":{"type":"constant"},"removeItem":{"type":"variable"}},"reference":"e67e56a8-95f2-48b3-9a14-5ef3e03cff7b","id":"pbButton"}],[{"type":"container","dimension":{"xs":12,"sm":12,"md":12,"lg":12},"propertyValues":{"cssClasses":{"type":"constant","value":""},"hidden":{"type":"constant","value":true},"repeatedCollection":{"type":"variable"}},"reference":"5492cec7-0300-4757-8ab3-7fc3bd9377fd","rows":[[{"type":"component","dimension":{"xs":12,"sm":12,"md":6,"lg":6},"propertyValues":{"cssClasses":{"type":"constant","value":""},"hidden":{"type":"constant","value":false},"text":{"type":"interpolation","value":"temp<pre>{{temp | json}}</pre>\nreglasActuales <pre>{{reglasActuales | json}}</pre>"},"alignment":{"type":"constant","value":"left"}},"reference":"a1d9467a-44b4-4159-a617-ba7ca2aaacf1","id":"pbText"},{"type":"component","dimension":{"xs":12,"sm":12,"md":6,"lg":6},"propertyValues":{"cssClasses":{"type":"constant","value":""},"hidden":{"type":"constant","value":false},"text":{"type":"interpolation","value":"usuariosEnCategoria <pre>{{usuariosEnCategoria | json}}</pre>\n\nusuariosSeleccionados <pre>{{usuariosSeleccionados | json}}</pre>\n\nusuariosListado <pre>{{usuariosListado | json}}</pre>\n\nreglasCargadas <pre>{{reglasCargadas | json}}</pre>\nws_reglas_get <pre>{{ws_reglas_get | json}}</pre>"},"alignment":{"type":"constant","value":"left"}},"reference":"a4eb954e-c9a7-44cf-ad53-ee86251a4359","id":"pbText"}]]}]]}],[{"type":"container","dimension":{"xs":12,"sm":12,"md":12,"lg":12},"propertyValues":{"cssClasses":{"type":"constant","value":""},"hidden":{"type":"expression","value":"!usuariosSeleccionados"},"repeatedCollection":{"type":"variable","value":"reglasActuales"}},"reference":"be10f42f-e689-4676-9c15-b584fc880835","rows":[[{"type":"component","dimension":{"xs":12,"sm":12,"md":12,"lg":12},"propertyValues":{"cssClasses":{"type":"constant","value":""},"hidden":{"type":"constant","value":false},"text":{"type":"interpolation","value":"Reglas aplicadas para {{$item.userName}}"},"level":{"type":"constant","value":"Level 3"},"alignment":{"type":"constant","value":"left"}},"reference":"d8ac4d3f-29d9-49a4-bed2-4a448e416a84","id":"pbTitle"}],[{"type":"container","dimension":{"xs":12,"sm":12,"md":12,"lg":12},"propertyValues":{"cssClasses":{"type":"constant","value":""},"hidden":{"type":"constant","value":false},"repeatedCollection":{"type":"variable","value":""}},"reference":"e0ba3d85-0ecc-4e98-855a-a44d74b9f5cb","rows":[[{"type":"formContainer","dimension":{"xs":12,"sm":12,"md":12,"lg":12},"propertyValues":{"cssClasses":{"type":"constant","value":""},"hidden":{"type":"constant","value":false}},"reference":"9c1ea95d-ba09-4c36-ab2a-c0dfc39ada1f","container":{"type":"container","dimension":{"xs":12},"propertyValues":{},"reference":"6aada621-e8c9-4247-8fb6-44f25e0cbf56","rows":[[{"type":"container","dimension":{"xs":12,"sm":12,"md":12,"lg":12},"propertyValues":{"cssClasses":{"type":"constant","value":""},"hidden":{"type":"constant","value":false},"repeatedCollection":{"type":"variable"}},"reference":"cc3f3a2b-1d3c-4422-aa27-d17a5f32d396","rows":[[{"type":"component","dimension":{"xs":12,"sm":12,"md":12,"lg":12},"propertyValues":{"cssClasses":{"type":"constant","value":"encabezado"},"hidden":{"type":"constant","value":false},"text":{"type":"interpolation","value":"Restricciones"},"level":{"type":"constant","value":"Level 3"},"alignment":{"type":"constant","value":"left"}},"reference":"fcb9cc28-64f2-4447-9320-b634250a62ab","id":"pbTitle"}],[{"type":"container","dimension":{"xs":12,"sm":12,"md":12,"lg":12},"propertyValues":{"cssClasses":{"type":"constant","value":""},"hidden":{"type":"constant","value":false},"repeatedCollection":{"type":"variable","value":"$item.restricciones"}},"reference":"cbbe65de-f967-46a5-b437-fb41ba4e2160","rows":[[{"type":"fragment","dimension":{"xs":12,"sm":12,"md":10,"lg":10},"propertyValues":{"cssClasses":{"type":"constant","value":""},"hidden":{"type":"constant","value":false}},"reference":"28971872-61b8-4bc9-a082-f657d7df7404","id":"68effc3b-26b6-4380-90dd-586749ba00ae","binding":{"parametria":"ws_parametria","restriccion":"$item","item":"$item"}},{"type":"component","dimension":{"xs":12,"sm":12,"md":2,"lg":2},"propertyValues":{"cssClasses":{"type":"constant","value":"bt-terciario font"},"hidden":{"type":"constant","value":false},"disabled":{"type":"constant","value":false},"label":{"type":"interpolation","value":"Eliminar"},"alignment":{"type":"constant","value":"right"},"buttonStyle":{"type":"constant","value":"danger"},"action":{"type":"constant","value":"Remove from collection"},"url":{"type":"interpolation"},"dataToSend":{"type":"constant"},"dataFromSuccess":{"type":"variable"},"dataFromError":{"type":"variable"},"targetUrlOnSuccess":{"type":"interpolation"},"collectionToModify":{"type":"variable","value":"$collection"},"collectionPosition":{"type":"constant","value":"Item"},"valueToAdd":{"type":"constant"},"removeItem":{"type":"variable","value":"$item"}},"reference":"c63ff209-0f5d-4509-8467-78b72d5fa8d5","id":"pbButton"}]]}],[{"type":"component","dimension":{"xs":12,"sm":12,"md":12,"lg":12},"propertyValues":{"cssClasses":{"type":"constant","value":"alert bt-secundario font"},"hidden":{"type":"constant","value":false},"disabled":{"type":"constant","value":false},"label":{"type":"interpolation","value":"Añadir restricción"},"alignment":{"type":"constant","value":"right"},"buttonStyle":{"type":"constant","value":"success"},"action":{"type":"constant","value":"Add to collection"},"url":{"type":"interpolation"},"dataToSend":{"type":"constant"},"dataFromSuccess":{"type":"variable"},"dataFromError":{"type":"variable"},"targetUrlOnSuccess":{"type":"interpolation"},"collectionToModify":{"type":"variable","value":"$item.restricciones"},"collectionPosition":{"type":"constant","value":"Last"},"valueToAdd":{"type":"constant"},"removeItem":{"type":"variable"}},"reference":"2b7e35b5-3d91-47d0-ae85-fa0f8e205776","id":"pbButton"}]]}],[{"type":"container","dimension":{"xs":12,"sm":12,"md":12,"lg":12},"propertyValues":{"cssClasses":{"type":"constant","value":""},"hidden":{"type":"constant","value":false},"repeatedCollection":{"type":"variable"}},"reference":"1abbe1c6-7115-4a40-9b11-0ee2347cec98","rows":[[{"type":"component","dimension":{"xs":12,"sm":12,"md":12,"lg":12},"propertyValues":{"cssClasses":{"type":"constant","value":"encabezado"},"hidden":{"type":"constant","value":false},"text":{"type":"interpolation","value":"Prioridades"},"level":{"type":"constant","value":"Level 3"},"alignment":{"type":"constant","value":"left"}},"reference":"875d93eb-5878-469e-88a1-bcc5f4d8134d","id":"pbTitle"}],[{"type":"container","dimension":{"xs":12,"sm":12,"md":12,"lg":12},"propertyValues":{"cssClasses":{"type":"constant","value":""},"hidden":{"type":"constant","value":false},"repeatedCollection":{"type":"variable","value":"$item.prioridades"}},"reference":"f35717b2-3f7d-49cb-b1e4-026797316e3d","rows":[[{"type":"fragment","dimension":{"xs":12,"sm":12,"md":10,"lg":10},"propertyValues":{"cssClasses":{"type":"constant","value":""},"hidden":{"type":"constant","value":false}},"reference":"fb5bf208-9782-4579-8a63-8b440e77f45d","id":"59e291c7-022a-43e1-bccf-db31973a6e66","binding":{"parametria":"ws_parametria","item":"$item"}},{"type":"container","dimension":{"xs":12,"sm":12,"md":2,"lg":2},"propertyValues":{"cssClasses":{"type":"constant","value":""},"hidden":{"type":"constant","value":false},"repeatedCollection":{"type":"variable"}},"reference":"591c6e3d-4ca9-44f2-b3f8-b3575d2f588f","rows":[[{"type":"component","dimension":{"xs":12,"sm":12,"md":12,"lg":12},"propertyValues":{"cssClasses":{"type":"constant","value":"bt-terciario font"},"hidden":{"type":"constant","value":false},"disabled":{"type":"constant","value":false},"label":{"type":"interpolation","value":"Eliminar"},"alignment":{"type":"constant","value":"right"},"buttonStyle":{"type":"constant","value":"danger"},"action":{"type":"constant","value":"Remove from collection"},"url":{"type":"interpolation"},"dataToSend":{"type":"constant"},"dataFromSuccess":{"type":"variable"},"dataFromError":{"type":"variable"},"targetUrlOnSuccess":{"type":"interpolation"},"collectionToModify":{"type":"variable","value":"$collection"},"collectionPosition":{"type":"constant","value":"Item"},"valueToAdd":{"type":"constant"},"removeItem":{"type":"variable","value":"$item"}},"reference":"23b76aa7-d066-4873-a03f-97b284251848","id":"pbButton"}]]}]]}],[{"type":"component","dimension":{"xs":12,"sm":12,"md":12,"lg":12},"propertyValues":{"cssClasses":{"type":"constant","value":"alert bt-secundario font"},"hidden":{"type":"constant","value":false},"disabled":{"type":"constant","value":false},"label":{"type":"interpolation","value":"Añadir prioridad"},"alignment":{"type":"constant","value":"right"},"buttonStyle":{"type":"constant","value":"warning"},"action":{"type":"constant","value":"Add to collection"},"url":{"type":"interpolation"},"dataToSend":{"type":"constant"},"dataFromSuccess":{"type":"variable"},"dataFromError":{"type":"variable"},"targetUrlOnSuccess":{"type":"interpolation"},"collectionToModify":{"type":"variable","value":"$item.prioridades"},"collectionPosition":{"type":"constant","value":"Last"},"valueToAdd":{"type":"constant","value":""},"removeItem":{"type":"variable"}},"reference":"4f785aa2-3c5c-4b98-ba47-1da9c9de665c","id":"pbButton"}]]}],[{"type":"container","dimension":{"xs":12,"sm":12,"md":12,"lg":12},"propertyValues":{"cssClasses":{"type":"constant","value":""},"hidden":{"type":"constant","value":false},"repeatedCollection":{"type":"variable"}},"reference":"3a5ece6b-b8ad-4554-a8b6-8f3b96951e4c","rows":[[{"type":"component","dimension":{"xs":12,"sm":12,"md":12,"lg":12},"propertyValues":{"cssClasses":{"type":"constant","value":"encabezado"},"hidden":{"type":"constant","value":false},"text":{"type":"interpolation","value":"Órdenes"},"level":{"type":"constant","value":"Level 3"},"alignment":{"type":"constant","value":"left"}},"reference":"32e230eb-a681-4a71-bf4d-046b2d28c9f4","id":"pbTitle"}],[{"type":"container","dimension":{"xs":12,"sm":12,"md":12,"lg":12},"propertyValues":{"cssClasses":{"type":"constant","value":""},"hidden":{"type":"constant","value":false},"repeatedCollection":{"type":"variable","value":"$item.ordenes"}},"reference":"e01229ba-02d3-49a5-b75f-ee0c078e569b","rows":[[{"type":"component","dimension":{"xs":12,"sm":12,"md":3,"lg":3},"propertyValues":{"cssClasses":{"type":"constant","value":""},"hidden":{"type":"constant","value":false},"disabled":{"type":"constant","value":false},"required":{"type":"constant","value":true},"labelHidden":{"type":"constant","value":true},"label":{"type":"interpolation","value":"Orden"},"labelPosition":{"type":"constant","value":"top"},"labelWidth":{"type":"constant","value":4},"placeholder":{"type":"interpolation","value":"Orden"},"availableValues":{"type":"expression","value":"ws_parametria.campos"},"displayedKey":{"type":"constant","value":"nombre"},"returnedKey":{"type":"constant","value":"nombre"},"value":{"type":"variable","value":"$item.nombre"}},"reference":"100df2bd-bd93-4e0f-860b-c274215c3f29","id":"pbSelect"},{"type":"component","dimension":{"xs":12,"sm":12,"md":2,"lg":2},"propertyValues":{"cssClasses":{"type":"constant","value":""},"hidden":{"type":"constant","value":false},"disabled":{"type":"constant","value":false},"required":{"type":"constant","value":true},"labelHidden":{"type":"constant","value":true},"label":{"type":"interpolation","value":"Criterio"},"labelPosition":{"type":"constant","value":"top"},"labelWidth":{"type":"constant","value":4},"placeholder":{"type":"interpolation","value":"Criterio"},"availableValues":{"type":"constant","value":["ASC","DESC"]},"displayedKey":{"type":"constant"},"returnedKey":{"type":"constant"},"value":{"type":"variable","value":"$item.criterio"}},"reference":"7bb5f393-94ab-4421-8400-1ac3041d3c93","id":"pbSelect"},{"type":"component","dimension":{"xs":12,"sm":12,"md":7,"lg":7},"propertyValues":{"cssClasses":{"type":"constant","value":"bt-terciario font"},"hidden":{"type":"constant","value":false},"disabled":{"type":"constant","value":false},"label":{"type":"interpolation","value":"Eliminar"},"alignment":{"type":"constant","value":"right"},"buttonStyle":{"type":"constant","value":"danger"},"action":{"type":"constant","value":"Remove from collection"},"url":{"type":"interpolation"},"dataToSend":{"type":"constant","value":"temp"},"dataFromSuccess":{"type":"variable"},"dataFromError":{"type":"variable"},"targetUrlOnSuccess":{"type":"interpolation"},"collectionToModify":{"type":"variable","value":"$collection"},"collectionPosition":{"type":"constant","value":"Item"},"valueToAdd":{"type":"constant"},"removeItem":{"type":"variable","value":"$item"}},"reference":"18815392-e97e-4e69-b04d-5b4e9013a95c","id":"pbButton"}]]}],[{"type":"component","dimension":{"xs":12,"sm":12,"md":12,"lg":12},"propertyValues":{"cssClasses":{"type":"constant","value":"alert bt-secundario font"},"hidden":{"type":"constant","value":false},"disabled":{"type":"constant","value":false},"label":{"type":"interpolation","value":"Añadir orden"},"alignment":{"type":"constant","value":"right"},"buttonStyle":{"type":"constant","value":"success"},"action":{"type":"constant","value":"Add to collection"},"url":{"type":"interpolation"},"dataToSend":{"type":"constant"},"dataFromSuccess":{"type":"variable"},"dataFromError":{"type":"variable"},"targetUrlOnSuccess":{"type":"interpolation"},"collectionToModify":{"type":"variable","value":"$item.ordenes"},"collectionPosition":{"type":"constant","value":"Last"},"valueToAdd":{"type":"constant"},"removeItem":{"type":"variable"}},"reference":"a99a4ae3-82ea-46cf-9862-6d41f0c41ac6","id":"pbButton"}]]}],[{"type":"component","dimension":{"xs":12,"sm":12,"md":12,"lg":12},"propertyValues":{"cssClasses":{"type":"constant","value":"bt-primario font"},"hidden":{"type":"constant","value":false},"disabled":{"type":"expression","value":"$form.$invalid"},"label":{"type":"interpolation","value":"Aplicar regla"},"alignment":{"type":"constant","value":"center"},"buttonStyle":{"type":"constant","value":"info"},"action":{"type":"constant","value":"POST"},"url":{"type":"interpolation","value":"../API/bpm/process/{{guardarReglas[0].id}}/instantiation"},"dataToSend":{"type":"expression","value":"regla"},"dataFromSuccess":{"type":"variable","value":"msg"},"dataFromError":{"type":"variable","value":"msg"},"targetUrlOnSuccess":{"type":"interpolation"},"collectionToModify":{"type":"variable"},"collectionPosition":{"type":"constant","value":"Last"},"valueToAdd":{"type":"constant"},"removeItem":{"type":"variable"}},"reference":"b0363387-e0a9-408e-8378-a6d377b2875f","id":"pbButton"}],[{"type":"component","dimension":{"xs":12,"sm":12,"md":12,"lg":12},"propertyValues":{"cssClasses":{"type":"constant","value":""},"hidden":{"type":"expression","value":"!msg"},"text":{"type":"interpolation","value":"{{msg}}"},"alignment":{"type":"constant","value":"left"}},"reference":"376323a8-76fc-48cf-9ce0-e597be6b6f3d","id":"pbText"}]]}}]]}]]}],[{"type":"container","dimension":{"xs":12,"sm":12,"md":12,"lg":12},"propertyValues":{"cssClasses":{"type":"constant","value":""},"hidden":{"type":"constant","value":true},"repeatedCollection":{"type":"variable"}},"reference":"d9b12c62-4235-472c-b2a3-6c452eafa3f0","rows":[[{"type":"component","dimension":{"xs":12,"sm":12,"md":12,"lg":12},"propertyValues":{"cssClasses":{"type":"constant","value":""},"hidden":{"type":"constant","value":false},"text":{"type":"interpolation","value":"Debug"},"level":{"type":"constant","value":"Level 2"},"alignment":{"type":"constant","value":"center"}},"reference":"27ceec63-8845-4b65-ac8e-f130e6e22a41","id":"pbTitle"}],[{"type":"component","dimension":{"xs":12,"sm":12,"md":12,"lg":12},"propertyValues":{"cssClasses":{"type":"constant","value":""},"hidden":{"type":"constant","value":false},"text":{"type":"interpolation","value":"ws_parametria <pre>{{ws_parametria | json}}</pre>"},"alignment":{"type":"constant","value":"left"}},"reference":"5459b314-8213-46ba-82fb-7c8d08facf93","id":"pbText"}],[{"type":"component","dimension":{"xs":12,"sm":12,"md":6,"lg":6},"propertyValues":{"cssClasses":{"type":"constant","value":""},"hidden":{"type":"constant","value":false},"text":{"type":"interpolation","value":"categorias<pre>{{categorias| json}}</pre>\nusuariosSeleccionados<pre>{{usuariosSeleccionados | json}}</pre>\nregla<pre>{{regla| json}}</pre>"},"alignment":{"type":"constant","value":"left"}},"reference":"30a567a1-ecd1-43a1-994d-f9059ca483c6","id":"pbText"},{"type":"component","dimension":{"xs":12,"sm":12,"md":6,"lg":6},"propertyValues":{"cssClasses":{"type":"constant","value":""},"hidden":{"type":"constant","value":false},"text":{"type":"interpolation","value":"guardarReglas<pre>{{guardarReglas | json}}</pre>"},"alignment":{"type":"constant","value":"left"}},"reference":"9ec82771-94bc-49c1-9fb7-77f7ee87c412","id":"pbText"}],[{"type":"component","dimension":{"xs":12,"sm":12,"md":6,"lg":6},"propertyValues":{"cssClasses":{"type":"constant","value":""},"hidden":{"type":"constant","value":false},"text":{"type":"interpolation","value":"temp<pre>{{temp| json}}</pre>"},"alignment":{"type":"constant","value":"left"}},"reference":"a655d4c3-49eb-4ad9-a037-00d77bec496d","id":"pbText"},{"type":"component","dimension":{"xs":12,"sm":12,"md":6,"lg":6},"propertyValues":{"cssClasses":{"type":"constant","value":""},"hidden":{"type":"constant","value":false},"text":{"type":"interpolation","value":"bdm_reglas_filtro<pre>{{bdm_reglas_filtro| json}}</pre>"},"alignment":{"type":"constant","value":"left"}},"reference":"cac8e2af-848d-4b2c-93cc-1090400b012d","id":"pbText"}]]}]],"assets":[{"id":"5ba35dc6-9ec6-4c5f-b511-e6b3cb3cd369","name":"https://unpkg.com/rxjs/bundles/Rx.min.js","type":"js","order":2,"external":true},{"id":"6bf10295-55bf-4a0c-a229-00ce40f9e13e","name":"localization.json","type":"json","order":0,"external":false},{"id":"68436309-7af3-47ff-9e1a-38f0bf885433","name":"style.css","type":"css","order":1,"external":false}],"inactiveAssets":[],"data":{"processList":{"type":"url","value":"../API/bpm/process?p=0&c=100","exposed":false},"temp":{"type":"json","value":"{\n    \"final\":[]\n}","exposed":false},"regla":{"type":"expression","value":"Array.prototype.concatAll = function() {\n\tvar results = [];\n\tthis.forEach(function(subArray) {\n\t\tresults.push.apply(results, subArray);\n\t});\n\n\treturn results;\n};\n\nArray.prototype.equals = function (array) {\n    // if the other array is a falsy value, return\n    if (!array)\n        return false;\n\n    // compare lengths - can save a lot of time \n    if (this.length != array.length)\n        return false;\n\n    for (var i = 0, l=this.length; i < l; i++) {\n        // Check if we have nested arrays\n        if (this[i] instanceof Array && array[i] instanceof Array) {\n            // recurse into the nested arrays\n            if (!this[i].equals(array[i]))\n                return false;       \n        }           \n        else if (this[i] != array[i]) { \n            // Warning - two different object instances will never be equal: {x:20} != {x:20}\n            return false;   \n        }           \n    }       \n    return true;\n};\n// Hide method from for-in loops\nObject.defineProperty(Array.prototype, \"equals\", {enumerable: false});\n\n\nif($data.temp.categoriaSelected){\n    //console.log(\"categoría seleccionada - creado estructura de reglas\");\n    var structure = {\n        \"catId\": $data.temp.categoriaSelected.name,\n        \"lastModified\": new Date(),\n          \"restricciones\": [],\n        \"prioridades\": [],\n        \"ordenes\": []\n      };\n}\n\n\n// Controlador de carga de plantilla: setea $data.temp.usuariosCargadosLista\n\n\n// listado de usuarios disponibles \nif($data.usuariosEnCategoria && $data.usuariosEnCategoria.length > 0){\n    //si se carga desde plantilla\n    //console.log(\"regla cargada\");\n    if(($data.reglasCargadas && $data.reglasCargadas.length > 0) &&\n        (!$data.temp.reglasCargadasOld || !$data.reglasCargadas.equals($data.temp.reglasCargadasOld))){\n        $data.temp.reglasCargadasOld = $data.reglasCargadas;\n        var usuarioCargado = {};\n        $data.temp.usuariosCargadosLista = [];\n        \n        // añadimos el listado de usuarios cargados desde las reglas cargadas\n        $data.reglasCargadas.map(function(elem){\n            usuarioCargado.id = elem.userId;\n            usuarioCargado.name = elem.userName;\n            usuarioCargado.ticked = true;\n            $data.temp.usuariosCargadosLista.push(usuarioCargado);\n        });\n        \n        if(($data.temp.usuariosCargadosLista && $data.temp.usuariosCargadosLista.length > 0) &&\n            (!$data.temp.usuariosCargadosListaOld || !$data.temp.usuariosCargadosLista.equals($data.temp.usuariosCargadosListaOld))){\n            \n            $data.temp.usuariosCargadosListaOld = $data.temp.usuariosCargadosLista;\n            \n            // añadimos ticked = true a los usuarios cargados\n            $data.usuariosListado = $data.usuariosEnCategoria.map(function(userAPI){\n                $data.temp.usuariosCargadosLista.map(function(userCargado){\n                    if(userAPI.id == userCargado.id){\n                        userAPI.ticked = true;\n                    }else{\n                        userAPI.ticked = false;\n                    }\n                });\n            });\n            \n            //añadimos los usuarios cargados como selecionados\n            $data.usuariosSeleccionados = $data.temp.usuariosCargadosLista;\n            //añadimos las reglas cargadas\n            $data.ws_reglas_get = $data.reglasCargadas;\n                \n        }\n    }else{\n        // si no se carga desde plantilla\n        //console.log(\"usuarios desde ws\");\n        $data.usuariosListado = $data.usuariosEnCategoria;\n    }\n}\n\n\n\n\n// Controlador de reglas\nif(($data.usuariosSeleccionados && $data.usuariosSeleccionados.length > 0 && $data.ws_parametria)  && \n    (!$data.temp.usuariosSeleccionadosOld || !$data.usuariosSeleccionados.equals($data.temp.usuariosSeleccionadosOld) )){\n    //console.log(\"nuevo usuario seleccionado\");\n    $data.temp.usuariosSeleccionadosOld = $data.usuariosSeleccionados;\n    \n    if($data.ws_reglas_get && $data.ws_reglas_get.length > 0){\n    \n        $data.reglasActuales = $data.usuariosSeleccionados.map(function(user){\n        \n            var reglas = $data.ws_reglas_get.filter(function(regla){\n                return regla.userId == user.id;\n            });\n            if(reglas.length === 0){\n                structure.userId = user.id;\n                structure.userName = user.name;\n                return new Array(angular.copy(structure));\n            }else{\n                return reglas;\n            }\n        }).concatAll();\n        //console.log(\"tras concat: \",  $data.reglasActuales);\n    }\n}\n\nif($data.usuariosSeleccionados && $data.usuariosSeleccionados.length === 0){\n    //console.log(\"sin usuarios seleccionados - ocultando reglas\");\n    $data.reglasActuales = [];\n}\n\n\n\n\n\n\n\n\n","exposed":false},"msg":{"type":"constant","exposed":false},"Acontroler":{"type":"expression","value":"if($data.msg && $data.msg.caseId !== null){\n    alert(\"Las reglas se han guardado\");\n    $data.temp.userSelected = undefined;\n    $data.msg = undefined;\n}","exposed":false},"categorias":{"type":"url","value":"../API/bpm/category?p=0&c=20","exposed":false},"usuariosEnCategoria":{"type":"url","value":"../API/extension/userListByProcessCategory?categoryId={{temp.categoriaSelected.id}}&p=0&c=100","exposed":false},"parametria":{"type":"json","value":"{\r\n\t\"catId\": \"102\",\r\n\t\"campos\":[\r\n\t\t{\r\n\t\t\t\"nombre\":\"Monto\",\r\n\t\t\t\"condicion\":[\r\n\t\t\t\t{\r\n\t\t\t\t\t\"key\":\">=\",\r\n\t\t\t\t\t\"value\":\"mayorIgualQue\"\r\n\t\t\t\t},\r\n\t\t\t\t{\r\n\t\t\t\t\t\"key\":\"<=\",\r\n\t\t\t\t\t\"value\":\"menorIgualQue\"\r\n\t\t\t\t},\r\n\t\t\t\t{\r\n\t\t\t\t\t\"key\":\"=\",\r\n\t\t\t\t\t\"value\":\"igual\"\r\n\t\t\t\t},\r\n\t\t\t\t{\r\n\t\t\t\t\t\"key\":\"BETWEEN\",\r\n\t\t\t\t\t\"value\":\"entre\"\r\n\t\t\t\t}\r\n\r\n\t\t\t],\r\n\t\t\t\"tipoValor\":\"numerico\",\r\n\t\t\t\"valorReferencia\": \"\"\r\n\t\t},\r\n\t\t{\r\n\t\t\t\"nombre\":\"Producto\",\r\n\t\t\t\"condicion\":[\r\n\t\t\t\t{\r\n\t\t\t\t\t\"key\":\"=\",\r\n\t\t\t\t\t\"value\":\"igual\"\r\n\t\t\t\t},\r\n\t\t\t\t{\r\n\t\t\t\t\t\"key\":\"!=\",\r\n\t\t\t\t\t\"value\":\"distinto\"\r\n\t\t\t\t},\r\n\t\t\t\t{\r\n\t\t\t\t\t\"key\":\"IN\",\r\n\t\t\t\t\t\"value\":\"dentro de\"\r\n\t\t\t\t}\r\n\t\t\t],\r\n\t\t\t\"tipoValor\":\"seleccion\",\r\n\t\t\t\"valorReferencia\":[\r\n\t\t\t\t{\r\n\t\t\t\t\t\"key\":\"Vehiculo\",\r\n\t\t\t\t\t\"value\":\"vehiculo\"\r\n\t\t\t\t},\r\n\t\t\t\t{\r\n\t\t\t\t\t\"key\":\"Libranzas\",\r\n\t\t\t\t\t\"value\":\"libranzas\"\r\n\t\t\t\t}\r\n\t\t\t]\r\n\t\t},\r\n\t\t{\r\n\t\t\t\"nombre\":\"TechnoIndividual\",\r\n\t\t\t\"condicion\":[\r\n\t\t\t\t{\r\n\t\t\t\t\t\"key\":\">=\",\r\n\t\t\t\t\t\"value\":\"mayorIgualQue\"\r\n\t\t\t\t},\r\n\t\t\t\t{\r\n\t\t\t\t\t\"key\":\"<=\",\r\n\t\t\t\t\t\"value\":\"menorIgualQue\"\r\n\t\t\t\t},\r\n\t\t\t\t{\r\n\t\t\t\t\t\"key\":\"=\",\r\n\t\t\t\t\t\"value\":\"igual\"\r\n\t\t\t\t},\r\n\t\t\t\t{\r\n\t\t\t\t\t\"key\":\"BETWEEN\",\r\n\t\t\t\t\t\"value\":\"entre\"\r\n\t\t\t\t}\r\n\r\n\t\t\t],\r\n\t\t\t\"tipoValor\":\"numerico\",\r\n\t\t\t\"valorReferencia\": \"\"\r\n\t\t},\r\n\t\t{\r\n\t\t\t\"nombre\":\"TechoGlobal\",\r\n\t\t\t\"condicion\":[\r\n\t\t\t\t{\r\n\t\t\t\t\t\"key\":\">=\",\r\n\t\t\t\t\t\"value\":\"mayorIgualQue\"\r\n\t\t\t\t},\r\n\t\t\t\t{\r\n\t\t\t\t\t\"key\":\"<=\",\r\n\t\t\t\t\t\"value\":\"menorIgualQue\"\r\n\t\t\t\t},\r\n\t\t\t\t{\r\n\t\t\t\t\t\"key\":\"=\",\r\n\t\t\t\t\t\"value\":\"igual\"\r\n\t\t\t\t},\r\n\t\t\t\t{\r\n\t\t\t\t\t\"key\":\"BETWEEN\",\r\n\t\t\t\t\t\"value\":\"entre\"\r\n\t\t\t\t}\r\n\r\n\t\t\t],\r\n\t\t\t\"tipoValor\":\"numerico\",\r\n\t\t\t\"valorReferencia\": \"\"\r\n\t\t},\r\n\t\t{\r\n\t\t\t\"nombre\":\"FuerzaVenta\",\r\n\t\t\t\"condicion\":[\r\n\t\t\t\t{\r\n\t\t\t\t\t\"key\":\">=\",\r\n\t\t\t\t\t\"value\":\"mayorIgualQue\"\r\n\t\t\t\t},\r\n\t\t\t\t{\r\n\t\t\t\t\t\"key\":\"<=\",\r\n\t\t\t\t\t\"value\":\"menorIgualQue\"\r\n\t\t\t\t},\r\n\t\t\t\t{\r\n\t\t\t\t\t\"key\":\"=\",\r\n\t\t\t\t\t\"value\":\"igual\"\r\n\t\t\t\t},\r\n\t\t\t\t{\r\n\t\t\t\t\t\"key\":\"BETWEEN\",\r\n\t\t\t\t\t\"value\":\"entre\"\r\n\t\t\t\t}\r\n\r\n\t\t\t],\r\n\t\t\t\"tipoValor\":\"numerico\",\r\n\t\t\t\"valorReferencia\": \"\"\r\n\t\t},\r\n\t\t{\r\n\t\t\t\"nombre\":\"TipoCliente\",\r\n\t\t\t\"condicion\":[\r\n\t\t\t\t{\r\n\t\t\t\t\t\"key\":\"=\",\r\n\t\t\t\t\t\"value\":\"igual\"\r\n\t\t\t\t},\r\n\t\t\t\t{\r\n\t\t\t\t\t\"key\":\"!=\",\r\n\t\t\t\t\t\"value\":\"distinto\"\r\n\t\t\t\t},\r\n\t\t\t\t{\r\n\t\t\t\t\t\"key\":\"IN\",\r\n\t\t\t\t\t\"value\":\"dentro de\"\r\n\t\t\t\t}\r\n\t\t\t],\r\n\t\t\t\"tipoValor\":\"seleccion\",\r\n\t\t\t\"valorReferencia\":[\r\n\t\t\t\t{\r\n\t\t\t\t\t\"key\":\"VIP\",\r\n\t\t\t\t\t\"value\":\"vip\"\r\n\t\t\t\t},\r\n\t\t\t\t{\r\n\t\t\t\t\t\"key\":\"Especial\",\r\n\t\t\t\t\t\"value\":\"especial\"\r\n\t\t\t\t}\r\n\t\t\t]\r\n\t\t},\r\n\t\t{\r\n\t\t\t\"nombre\":\"NombreConvenio\",\r\n\t\t\t\"condicion\":[\r\n\t\t\t\t{\r\n\t\t\t\t\t\"key\":\"=\",\r\n\t\t\t\t\t\"value\":\"igual\"\r\n\t\t\t\t},\r\n\t\t\t\t{\r\n\t\t\t\t\t\"key\":\"!=\",\r\n\t\t\t\t\t\"value\":\"distinto\"\r\n\t\t\t\t},\r\n\t\t\t\t{\r\n\t\t\t\t\t\"key\":\"IN\",\r\n\t\t\t\t\t\"value\":\"dentro de\"\r\n\t\t\t\t}\r\n\t\t\t],\r\n\t\t\t\"tipoValor\":\"seleccion\",\r\n\t\t\t\"valorReferencia\":[\r\n\t\t\t\t{\r\n\t\t\t\t\t\"key\":\"Accionistas\",\r\n\t\t\t\t\t\"value\":\"accionistas\"\r\n\t\t\t\t},\r\n\t\t\t\t{\r\n\t\t\t\t\t\"key\":\"Trabajadores\",\r\n\t\t\t\t\t\"value\":\"trabajadores\"\r\n\t\t\t\t}\r\n\t\t\t]\r\n\t\t}\r\n\t]\r\n}","exposed":false},"reglasListado":{"type":"json","value":"[]","exposed":false},"usuariosSeleccionados":{"type":"json","value":"[]","exposed":false},"JSONstructure":{"type":"json","value":"{\r\n    \"restricciones\": [],\r\n    \"prioridades\": [],\r\n    \"ordenes\": []\r\n}\r\n","exposed":false},"ws_parametria":{"type":"url","value":"http://localhost:9090/services/parametria?categoria={{temp.categoriaSelected.name}}","exposed":false},"ws_reglas_get":{"type":"url","value":"http://localhost:9090/services/reglas?categoria={{temp.categoriaSelected.name}}","exposed":false},"reglasActuales":{"type":"json","value":"[]","exposed":false},"reglasCargadas":{"type":"json","value":"[]","exposed":false},"usuariosListado":{"type":"json","value":"[]","exposed":false}}}