{"designerVersion":"1.4.34","id":"e8dcc6e1-dafd-426f-a7ef-29278b138b33","name":"AsignadorDeTareasv89","type":"page","lastUpdate":1509115077290,"rows":[[{"type":"component","dimension":{"xs":12,"sm":12,"md":12,"lg":12},"propertyValues":{"cssClasses":{"type":"constant","value":""},"hidden":{"type":"constant","value":false},"options":{"type":"constant","value":"{\"time-out\": 3000}"},"toasters":{"type":"variable","value":"temp.toaster"}},"reference":"d230923b-178c-4040-a847-b6407899fb50","id":"customMessageToaster"}],[{"type":"component","dimension":{"xs":12,"sm":12,"md":12,"lg":12},"propertyValues":{"cssClasses":{"type":"constant","value":""},"hidden":{"type":"constant","value":false},"text":{"type":"interpolation","value":"Gestor de reglas"},"level":{"type":"constant","value":"Level 2"},"alignment":{"type":"constant","value":"left"}},"reference":"9b65400a-f396-4352-814b-d1433e88820f","id":"pbTitle"}],[{"type":"container","dimension":{"xs":12,"sm":12,"md":12,"lg":12},"propertyValues":{"cssClasses":{"type":"constant","value":"alert seccion"},"hidden":{"type":"constant","value":false},"repeatedCollection":{"type":"variable"}},"reference":"5ca5988a-10c8-40d4-9f44-1cc32fdad2d9","rows":[[{"type":"component","dimension":{"xs":12,"sm":3,"md":3,"lg":3},"propertyValues":{"cssClasses":{"type":"constant","value":""},"hidden":{"type":"constant","value":false},"disabled":{"type":"constant","value":false},"required":{"type":"constant","value":false},"labelHidden":{"type":"constant","value":false},"label":{"type":"interpolation","value":"Categoría"},"labelPosition":{"type":"constant","value":"top"},"labelWidth":{"type":"constant","value":4},"placeholder":{"type":"interpolation","value":"Seleccione categoría de proceso"},"availableValues":{"type":"expression","value":"categorias"},"displayedKey":{"type":"constant","value":"name"},"returnedKey":{"type":"constant","value":""},"value":{"type":"variable","value":"temp.categoriaSelected"}},"reference":"69c5bfb2-8c87-43d6-9527-9ae898a9d09f","id":"pbSelect"},{"type":"component","dimension":{"xs":12,"sm":12,"md":5,"lg":5},"propertyValues":{"cssClasses":{"type":"constant","value":""},"hidden":{"type":"expression","value":"!temp.categoriaSelected"},"value":{"type":"variable","value":"usuariosSeleccionados"},"availableValues":{"type":"expression","value":"usuariosListado"},"buttonLabel":{"type":"constant","value":"name"},"itemLabel":{"type":"constant","value":"name"},"outputProperties":{"type":"constant","value":"name id"},"labelHidden":{"type":"constant","value":false},"required":{"type":"constant","value":false},"labelPosition":{"type":"constant","value":"top"},"label":{"type":"constant","value":"Usuarios"},"labelWidth":{"type":"constant","value":4}},"reference":"a57ba545-be2a-4513-b09a-2afb46c6330c","id":"customMultiSelection"},{"type":"container","dimension":{"xs":12,"sm":12,"md":4,"lg":4},"propertyValues":{"cssClasses":{"type":"constant","value":"alert"},"hidden":{"type":"expression","value":"!temp.categoriaSelected"},"repeatedCollection":{"type":"variable"}},"reference":"662dad24-b61d-4cf0-8485-8293c03ec9e4","rows":[[{"type":"component","dimension":{"xs":12,"sm":12,"md":6,"lg":6},"propertyValues":{"cssClasses":{"type":"constant","value":"alert bt-primario font"},"hidden":{"type":"constant","value":false},"disabled":{"type":"constant","value":false},"label":{"type":"interpolation","value":"Guardar reglas en plantilla"},"alignment":{"type":"constant","value":"right"},"buttonStyle":{"type":"constant","value":"default"},"action":{"type":"constant","value":"Add to collection"},"url":{"type":"interpolation"},"dataToSend":{"type":"constant"},"dataFromSuccess":{"type":"variable"},"dataFromError":{"type":"variable"},"targetUrlOnSuccess":{"type":"interpolation"},"collectionToModify":{"type":"variable","value":"temp.modal"},"collectionPosition":{"type":"constant","value":"Last"},"valueToAdd":{"type":"constant","value":"2"},"removeItem":{"type":"variable"}},"reference":"88f3bc4d-e30c-44c7-b6d5-fffaa1487604","id":"pbButton"},{"type":"component","dimension":{"xs":12,"sm":12,"md":6,"lg":6},"propertyValues":{"cssClasses":{"type":"constant","value":"alert bt-secundario font"},"hidden":{"type":"constant","value":false},"disabled":{"type":"constant","value":false},"label":{"type":"interpolation","value":"Restaurar plantilla"},"alignment":{"type":"constant","value":"right"},"buttonStyle":{"type":"constant","value":"danger"},"action":{"type":"constant","value":"GET"},"url":{"type":"interpolation","value":"{{url_servicios}}reglas/Plantilla/{{temp.categoriaSelected.name}}"},"dataToSend":{"type":"constant"},"dataFromSuccess":{"type":"variable","value":"temp.plantilla"},"dataFromError":{"type":"variable"},"targetUrlOnSuccess":{"type":"interpolation"},"collectionToModify":{"type":"variable","value":"temp.modal"},"collectionPosition":{"type":"constant","value":"Last"},"valueToAdd":{"type":"constant"},"removeItem":{"type":"variable"}},"reference":"ca232f3d-ab4e-4729-a359-1ea9fcb6eb34","id":"pbButton"}]]}]]}],[{"type":"container","dimension":{"xs":12,"sm":12,"md":12,"lg":12},"propertyValues":{"cssClasses":{"type":"constant","value":""},"hidden":{"type":"expression","value":"!usuariosSeleccionados"},"repeatedCollection":{"type":"variable","value":"reglasActuales"}},"reference":"0822fc7a-1a8d-43f4-b441-ab49abc2954d","rows":[[{"type":"component","dimension":{"xs":12,"sm":12,"md":12,"lg":12},"propertyValues":{"cssClasses":{"type":"constant","value":""},"hidden":{"type":"constant","value":false},"text":{"type":"interpolation","value":"Reglas aplicadas para {{$item.userName}}"},"level":{"type":"constant","value":"Level 3"},"alignment":{"type":"constant","value":"left"}},"reference":"31d860e3-624d-487e-a7d9-a87ee9de4930","id":"pbTitle"}],[{"type":"container","dimension":{"xs":12,"sm":12,"md":12,"lg":12},"propertyValues":{"cssClasses":{"type":"constant","value":""},"hidden":{"type":"constant","value":false},"repeatedCollection":{"type":"variable","value":""}},"reference":"3e205628-21ac-4b9d-bb3e-9889101330ed","rows":[[{"type":"formContainer","dimension":{"xs":12,"sm":12,"md":12,"lg":12},"propertyValues":{"cssClasses":{"type":"constant","value":""},"hidden":{"type":"constant","value":false}},"reference":"00512163-6be8-4a0a-8259-598c82cd36d9","container":{"type":"container","dimension":{"xs":12},"propertyValues":{},"reference":"9f7be034-d467-4176-ac55-74440973d3c0","rows":[[{"type":"container","dimension":{"xs":12,"sm":12,"md":12,"lg":12},"propertyValues":{"cssClasses":{"type":"constant","value":""},"hidden":{"type":"constant","value":false},"repeatedCollection":{"type":"variable"}},"reference":"402d20ba-789c-4d8e-b268-84adc6fcdec3","rows":[[{"type":"component","dimension":{"xs":12,"sm":12,"md":12,"lg":12},"propertyValues":{"cssClasses":{"type":"constant","value":"encabezado"},"hidden":{"type":"constant","value":false},"text":{"type":"interpolation","value":"Restricciones"},"level":{"type":"constant","value":"Level 3"},"alignment":{"type":"constant","value":"left"}},"reference":"6ac10ca2-9cd1-4402-9b9b-b16850ec826e","id":"pbTitle"}],[{"type":"container","dimension":{"xs":12,"sm":12,"md":12,"lg":12},"propertyValues":{"cssClasses":{"type":"constant","value":""},"hidden":{"type":"constant","value":false},"repeatedCollection":{"type":"variable","value":"$item.restricciones"}},"reference":"db0618f1-e9c9-4b9a-ab57-21a70bc5d014","rows":[[{"type":"fragment","dimension":{"xs":12,"sm":12,"md":10,"lg":10},"propertyValues":{"cssClasses":{"type":"constant","value":""},"hidden":{"type":"constant","value":false}},"reference":"a2fdc91b-a1b5-48bf-8f5a-8c0429498c23","id":"68effc3b-26b6-4380-90dd-586749ba00ae","binding":{"parametria":"ws_parametria[0]","restriccion":"$item","item":"$item"}},{"type":"component","dimension":{"xs":12,"sm":12,"md":2,"lg":2},"propertyValues":{"cssClasses":{"type":"constant","value":"bt-terciario font"},"hidden":{"type":"constant","value":false},"disabled":{"type":"constant","value":false},"label":{"type":"interpolation","value":"Eliminar"},"alignment":{"type":"constant","value":"right"},"buttonStyle":{"type":"constant","value":"danger"},"action":{"type":"constant","value":"Remove from collection"},"url":{"type":"interpolation"},"dataToSend":{"type":"constant"},"dataFromSuccess":{"type":"variable"},"dataFromError":{"type":"variable"},"targetUrlOnSuccess":{"type":"interpolation"},"collectionToModify":{"type":"variable","value":"$collection"},"collectionPosition":{"type":"constant","value":"Item"},"valueToAdd":{"type":"constant"},"removeItem":{"type":"variable","value":"$item"}},"reference":"fa10f959-71b4-4aa8-9075-ac3cc7090d9e","id":"pbButton"}]]}],[{"type":"component","dimension":{"xs":12,"sm":12,"md":12,"lg":12},"propertyValues":{"cssClasses":{"type":"constant","value":"alert bt-secundario font"},"hidden":{"type":"constant","value":false},"disabled":{"type":"constant","value":false},"label":{"type":"interpolation","value":"Añadir restricción"},"alignment":{"type":"constant","value":"right"},"buttonStyle":{"type":"constant","value":"success"},"action":{"type":"constant","value":"Add to collection"},"url":{"type":"interpolation"},"dataToSend":{"type":"constant"},"dataFromSuccess":{"type":"variable"},"dataFromError":{"type":"variable"},"targetUrlOnSuccess":{"type":"interpolation"},"collectionToModify":{"type":"variable","value":"$item.restricciones"},"collectionPosition":{"type":"constant","value":"Last"},"valueToAdd":{"type":"constant"},"removeItem":{"type":"variable"}},"reference":"a153da86-02e8-4c40-a611-4fca665e3968","id":"pbButton"}]]}],[{"type":"container","dimension":{"xs":12,"sm":12,"md":12,"lg":12},"propertyValues":{"cssClasses":{"type":"constant","value":""},"hidden":{"type":"constant","value":false},"repeatedCollection":{"type":"variable"}},"reference":"fd7da302-3aa2-4339-8c1a-e4a4400018c7","rows":[[{"type":"component","dimension":{"xs":12,"sm":12,"md":12,"lg":12},"propertyValues":{"cssClasses":{"type":"constant","value":"encabezado"},"hidden":{"type":"constant","value":false},"text":{"type":"interpolation","value":"Prioridades"},"level":{"type":"constant","value":"Level 3"},"alignment":{"type":"constant","value":"left"}},"reference":"e2a9b002-86e1-4886-90a5-ac189aa4aa43","id":"pbTitle"}],[{"type":"container","dimension":{"xs":12,"sm":12,"md":12,"lg":12},"propertyValues":{"cssClasses":{"type":"constant","value":""},"hidden":{"type":"constant","value":false},"repeatedCollection":{"type":"variable","value":"$item.prioridades"}},"reference":"c37f5a7f-2ea4-4d81-b696-8c571a4b9246","rows":[[{"type":"fragment","dimension":{"xs":12,"sm":12,"md":10,"lg":10},"propertyValues":{"cssClasses":{"type":"constant","value":""},"hidden":{"type":"constant","value":false}},"reference":"49eeb863-1f64-45a5-a0cf-2b0507e8993c","id":"59e291c7-022a-43e1-bccf-db31973a6e66","binding":{"parametria":"ws_parametria[0]","item":"$item"}},{"type":"container","dimension":{"xs":12,"sm":12,"md":2,"lg":2},"propertyValues":{"cssClasses":{"type":"constant","value":""},"hidden":{"type":"constant","value":false},"repeatedCollection":{"type":"variable"}},"reference":"da02e73f-d759-470e-83e9-abac22439670","rows":[[{"type":"component","dimension":{"xs":12,"sm":12,"md":12,"lg":12},"propertyValues":{"cssClasses":{"type":"constant","value":"bt-terciario font"},"hidden":{"type":"constant","value":false},"disabled":{"type":"constant","value":false},"label":{"type":"interpolation","value":"Eliminar"},"alignment":{"type":"constant","value":"right"},"buttonStyle":{"type":"constant","value":"danger"},"action":{"type":"constant","value":"Remove from collection"},"url":{"type":"interpolation"},"dataToSend":{"type":"constant"},"dataFromSuccess":{"type":"variable"},"dataFromError":{"type":"variable"},"targetUrlOnSuccess":{"type":"interpolation"},"collectionToModify":{"type":"variable","value":"$collection"},"collectionPosition":{"type":"constant","value":"Item"},"valueToAdd":{"type":"constant"},"removeItem":{"type":"variable","value":"$item"}},"reference":"f7e00cc4-ebf3-49d1-800f-16e517feed47","id":"pbButton"}]]}]]}],[{"type":"component","dimension":{"xs":12,"sm":12,"md":12,"lg":12},"propertyValues":{"cssClasses":{"type":"constant","value":"alert bt-secundario font"},"hidden":{"type":"constant","value":false},"disabled":{"type":"constant","value":false},"label":{"type":"interpolation","value":"Añadir prioridad"},"alignment":{"type":"constant","value":"right"},"buttonStyle":{"type":"constant","value":"warning"},"action":{"type":"constant","value":"Add to collection"},"url":{"type":"interpolation"},"dataToSend":{"type":"constant"},"dataFromSuccess":{"type":"variable"},"dataFromError":{"type":"variable"},"targetUrlOnSuccess":{"type":"interpolation"},"collectionToModify":{"type":"variable","value":"$item.prioridades"},"collectionPosition":{"type":"constant","value":"Last"},"valueToAdd":{"type":"constant","value":""},"removeItem":{"type":"variable"}},"reference":"efc5edc0-b275-40eb-9983-d01e816776ed","id":"pbButton"}]]}],[{"type":"container","dimension":{"xs":12,"sm":12,"md":12,"lg":12},"propertyValues":{"cssClasses":{"type":"constant","value":""},"hidden":{"type":"constant","value":false},"repeatedCollection":{"type":"variable"}},"reference":"79cd022c-6f5d-4527-9e85-9e9c1685d66f","rows":[[{"type":"component","dimension":{"xs":12,"sm":12,"md":12,"lg":12},"propertyValues":{"cssClasses":{"type":"constant","value":"encabezado"},"hidden":{"type":"constant","value":false},"text":{"type":"interpolation","value":"Órdenes"},"level":{"type":"constant","value":"Level 3"},"alignment":{"type":"constant","value":"left"}},"reference":"507fba6a-3092-4453-ab2b-3c504eacc834","id":"pbTitle"}],[{"type":"container","dimension":{"xs":12,"sm":12,"md":12,"lg":12},"propertyValues":{"cssClasses":{"type":"constant","value":""},"hidden":{"type":"constant","value":false},"repeatedCollection":{"type":"variable","value":"$item.ordenes"}},"reference":"00b95e9a-9980-42b6-a770-c7553f83825e","rows":[[{"type":"component","dimension":{"xs":12,"sm":12,"md":3,"lg":3},"propertyValues":{"cssClasses":{"type":"constant","value":""},"hidden":{"type":"constant","value":false},"disabled":{"type":"constant","value":false},"required":{"type":"constant","value":true},"labelHidden":{"type":"constant","value":true},"label":{"type":"interpolation","value":"Orden"},"labelPosition":{"type":"constant","value":"top"},"labelWidth":{"type":"constant","value":4},"placeholder":{"type":"interpolation","value":"Orden"},"availableValues":{"type":"expression","value":"ws_parametria[0].campos"},"displayedKey":{"type":"constant","value":"nombre"},"returnedKey":{"type":"constant","value":"nombre"},"value":{"type":"variable","value":"$item.nombre"}},"reference":"778f7a84-ad43-43dc-9cf0-242e0b9d9e11","id":"pbSelect"},{"type":"component","dimension":{"xs":12,"sm":12,"md":2,"lg":2},"propertyValues":{"cssClasses":{"type":"constant","value":""},"hidden":{"type":"constant","value":false},"disabled":{"type":"constant","value":false},"required":{"type":"constant","value":true},"labelHidden":{"type":"constant","value":true},"label":{"type":"interpolation","value":"Criterio"},"labelPosition":{"type":"constant","value":"top"},"labelWidth":{"type":"constant","value":4},"placeholder":{"type":"interpolation","value":"Criterio"},"availableValues":{"type":"constant","value":["ASC","DESC"]},"displayedKey":{"type":"constant"},"returnedKey":{"type":"constant"},"value":{"type":"variable","value":"$item.criterio"}},"reference":"67e63582-e268-4d4c-8c81-7a81527dfa42","id":"pbSelect"},{"type":"component","dimension":{"xs":12,"sm":12,"md":7,"lg":7},"propertyValues":{"cssClasses":{"type":"constant","value":"bt-terciario font"},"hidden":{"type":"constant","value":false},"disabled":{"type":"constant","value":false},"label":{"type":"interpolation","value":"Eliminar"},"alignment":{"type":"constant","value":"right"},"buttonStyle":{"type":"constant","value":"danger"},"action":{"type":"constant","value":"Remove from collection"},"url":{"type":"interpolation"},"dataToSend":{"type":"constant","value":"temp"},"dataFromSuccess":{"type":"variable"},"dataFromError":{"type":"variable"},"targetUrlOnSuccess":{"type":"interpolation"},"collectionToModify":{"type":"variable","value":"$collection"},"collectionPosition":{"type":"constant","value":"Item"},"valueToAdd":{"type":"constant"},"removeItem":{"type":"variable","value":"$item"}},"reference":"07165d5f-91d7-4b42-8883-3eea7159a4c4","id":"pbButton"}]]}],[{"type":"component","dimension":{"xs":12,"sm":12,"md":12,"lg":12},"propertyValues":{"cssClasses":{"type":"constant","value":"alert bt-secundario font"},"hidden":{"type":"constant","value":false},"disabled":{"type":"constant","value":false},"label":{"type":"interpolation","value":"Añadir orden"},"alignment":{"type":"constant","value":"right"},"buttonStyle":{"type":"constant","value":"success"},"action":{"type":"constant","value":"Add to collection"},"url":{"type":"interpolation"},"dataToSend":{"type":"constant"},"dataFromSuccess":{"type":"variable"},"dataFromError":{"type":"variable"},"targetUrlOnSuccess":{"type":"interpolation"},"collectionToModify":{"type":"variable","value":"$item.ordenes"},"collectionPosition":{"type":"constant","value":"Last"},"valueToAdd":{"type":"constant"},"removeItem":{"type":"variable"}},"reference":"542c67c6-5e2d-44cb-be24-c9315ed5a3dd","id":"pbButton"}]]}],[{"type":"component","dimension":{"xs":12,"sm":12,"md":12,"lg":12},"propertyValues":{"cssClasses":{"type":"constant","value":"bt-primario font"},"hidden":{"type":"constant","value":false},"disabled":{"type":"expression","value":"$form.$invalid"},"label":{"type":"interpolation","value":"Aplicar regla"},"alignment":{"type":"constant","value":"center"},"buttonStyle":{"type":"constant","value":"info"},"action":{"type":"constant","value":"PUT"},"url":{"type":"interpolation","value":"{{url_servicios}}reglas"},"dataToSend":{"type":"expression","value":"$item"},"dataFromSuccess":{"type":"variable","value":"msg"},"dataFromError":{"type":"variable","value":"msg"},"targetUrlOnSuccess":{"type":"interpolation"},"collectionToModify":{"type":"variable"},"collectionPosition":{"type":"constant","value":"Last"},"valueToAdd":{"type":"constant"},"removeItem":{"type":"variable"}},"reference":"f330ac9a-79ce-4563-a1b5-08d5312a6aa2","id":"pbButton"}],[{"type":"component","dimension":{"xs":12,"sm":12,"md":12,"lg":12},"propertyValues":{"cssClasses":{"type":"constant","value":""},"hidden":{"type":"expression","value":"!msg"},"text":{"type":"interpolation","value":"{{msg}}"},"alignment":{"type":"constant","value":"left"}},"reference":"04611b78-d274-4b9c-975b-7aae4519f93c","id":"pbText"}]]}}]]}]]}],[{"type":"container","dimension":{"xs":12,"sm":12,"md":12,"lg":12},"propertyValues":{"cssClasses":{"type":"constant","value":"Modal-overlay"},"hidden":{"type":"constant","value":false},"repeatedCollection":{"type":"variable","value":"temp.modal"}},"reference":"92c1a201-07d5-4c2a-b817-fe592657e5ff","rows":[[{"type":"container","dimension":{"xs":12,"sm":12,"md":12,"lg":12},"propertyValues":{"cssClasses":{"type":"constant","value":"Modal-content"},"hidden":{"type":"expression","value":"temp.modal[0] == 1;"},"repeatedCollection":{"type":"variable"}},"reference":"1bb00055-840c-4ab6-9670-d6b5e3a59c83","rows":[[{"type":"component","dimension":{"xs":12,"sm":12,"md":12,"lg":12},"propertyValues":{"cssClasses":{"type":"constant","value":""},"hidden":{"type":"constant","value":false},"text":{"type":"interpolation","value":"<span class=\"glyphicon glyphicon-warning-sign\" aria-hidden=\"true\"></span> <strong>Sólo las reglas guardadas se copiarán a la plantilla. </strong>\n<br/><br/>\n<div class=\"text-center\"><strong>¿Está seguro?</strong></div>"},"alignment":{"type":"constant","value":"left"}},"reference":"b40184d5-20b8-42b2-aa44-edf62d191f13","id":"pbText"}],[{"type":"component","dimension":{"xs":12,"sm":12,"md":6,"lg":6},"propertyValues":{"cssClasses":{"type":"constant","value":""},"hidden":{"type":"constant","value":false},"disabled":{"type":"constant","value":false},"label":{"type":"interpolation","value":"Cancelar"},"alignment":{"type":"constant","value":"right"},"buttonStyle":{"type":"constant","value":"danger"},"action":{"type":"constant","value":"Remove from collection"},"url":{"type":"interpolation"},"dataToSend":{"type":"constant"},"dataFromSuccess":{"type":"variable"},"dataFromError":{"type":"variable"},"targetUrlOnSuccess":{"type":"interpolation"},"collectionToModify":{"type":"variable","value":"temp.modal"},"collectionPosition":{"type":"constant","value":"First"},"valueToAdd":{"type":"constant"},"removeItem":{"type":"variable"}},"reference":"a7af77e4-6708-416d-9c9f-582cc68d5952","id":"pbButton"},{"type":"component","dimension":{"xs":12,"sm":12,"md":6,"lg":6},"propertyValues":{"cssClasses":{"type":"constant","value":"bt-primario"},"hidden":{"type":"constant","value":false},"disabled":{"type":"constant","value":false},"label":{"type":"interpolation","value":"Guardar reglas en plantilla"},"alignment":{"type":"constant","value":"left"},"buttonStyle":{"type":"constant","value":"default"},"action":{"type":"constant","value":"PUT"},"url":{"type":"interpolation","value":"{{url_servicios}}reglas/Plantillas/{{temp.categoriaSelected.name}}"},"dataToSend":{"type":"expression","value":"{\"accion\":\"guardar\"}}"},"dataFromSuccess":{"type":"variable","value":""},"dataFromError":{"type":"variable"},"targetUrlOnSuccess":{"type":"interpolation"},"collectionToModify":{"type":"variable"},"collectionPosition":{"type":"constant","value":"Last"},"valueToAdd":{"type":"constant"},"removeItem":{"type":"variable"}},"reference":"6564988d-600f-4672-a5d3-f4315c368bc2","id":"pbButton"}]]}],[{"type":"container","dimension":{"xs":12,"sm":12,"md":12,"lg":12},"propertyValues":{"cssClasses":{"type":"constant","value":"Modal-content"},"hidden":{"type":"expression","value":"temp.modal[0] != 1;"},"repeatedCollection":{"type":"variable"}},"reference":"95ac4ed0-2a5e-4db7-bc68-2b73d56f9054","rows":[[{"type":"component","dimension":{"xs":12,"sm":12,"md":12,"lg":12},"propertyValues":{"cssClasses":{"type":"constant","value":""},"hidden":{"type":"constant","value":false},"text":{"type":"interpolation","value":"<h3>Reglas guardadas en plantilla</h3>\n<pre>{{temp.plantilla | json}}</pre>"},"alignment":{"type":"constant","value":"left"}},"reference":"495d5b37-3732-47ca-8619-888314524241","id":"pbText"}],[{"type":"component","dimension":{"xs":12,"sm":12,"md":6,"lg":6},"propertyValues":{"cssClasses":{"type":"constant","value":""},"hidden":{"type":"constant","value":false},"disabled":{"type":"constant","value":false},"label":{"type":"interpolation","value":"Cancelar"},"alignment":{"type":"constant","value":"right"},"buttonStyle":{"type":"constant","value":"danger"},"action":{"type":"constant","value":"Add to collection"},"url":{"type":"interpolation"},"dataToSend":{"type":"constant"},"dataFromSuccess":{"type":"variable"},"dataFromError":{"type":"variable"},"targetUrlOnSuccess":{"type":"interpolation"},"collectionToModify":{"type":"variable","value":"temp.modal"},"collectionPosition":{"type":"constant","value":"First"},"valueToAdd":{"type":"constant","value":"1"},"removeItem":{"type":"variable"}},"reference":"b1c8e690-1b04-48cf-89f0-f5541461f832","id":"pbButton"},{"type":"component","dimension":{"xs":12,"sm":12,"md":6,"lg":6},"propertyValues":{"cssClasses":{"type":"constant","value":"bt-secundario"},"hidden":{"type":"constant","value":false},"disabled":{"type":"constant","value":false},"label":{"type":"interpolation","value":"Restaurar plantilla"},"alignment":{"type":"constant","value":"left"},"buttonStyle":{"type":"constant","value":"default"},"action":{"type":"constant","value":"PUT"},"url":{"type":"interpolation","value":"{{url_servicios}}reglas/Plantillas/{{temp.categoriaSelected.name}}"},"dataToSend":{"type":"constant","value":"{\"accion\":\"restaurar\"}}"},"dataFromSuccess":{"type":"variable","value":"reglasCargadas"},"dataFromError":{"type":"variable"},"targetUrlOnSuccess":{"type":"interpolation"},"collectionToModify":{"type":"variable"},"collectionPosition":{"type":"constant","value":"Last"},"valueToAdd":{"type":"constant"},"removeItem":{"type":"variable"}},"reference":"167d9223-fa64-4573-a77f-63ab630cf932","id":"pbButton"}]]}]]}],[{"type":"container","dimension":{"xs":12,"sm":12,"md":12,"lg":12},"propertyValues":{"cssClasses":{"type":"constant","value":""},"hidden":{"type":"constant","value":true},"repeatedCollection":{"type":"variable"}},"reference":"7d3e9c07-466e-481e-aafc-bf6f79d5bc0d","rows":[[{"type":"component","dimension":{"xs":12,"sm":12,"md":12,"lg":12},"propertyValues":{"cssClasses":{"type":"constant","value":""},"hidden":{"type":"constant","value":false},"text":{"type":"interpolation","value":"Debug"},"level":{"type":"constant","value":"Level 2"},"alignment":{"type":"constant","value":"center"}},"reference":"427cb633-448a-4dc9-a84c-8389a4c167f5","id":"pbTitle"}],[{"type":"component","dimension":{"xs":12,"sm":12,"md":6,"lg":6},"propertyValues":{"cssClasses":{"type":"constant","value":""},"hidden":{"type":"constant","value":false},"text":{"type":"interpolation","value":"temp<pre>{{temp | json}}</pre>\nreglasActuales <pre>{{reglasActuales | json}}</pre>"},"alignment":{"type":"constant","value":"left"}},"reference":"54d26e6d-b27b-4f86-b8c7-3f4cef97b498","id":"pbText"},{"type":"component","dimension":{"xs":12,"sm":12,"md":6,"lg":6},"propertyValues":{"cssClasses":{"type":"constant","value":""},"hidden":{"type":"constant","value":false},"text":{"type":"interpolation","value":"usuariosEnCategoria <pre>{{usuariosEnCategoria | json}}</pre>\n\nusuariosSeleccionados <pre>{{usuariosSeleccionados | json}}</pre>\n\nusuariosListado <pre>{{usuariosListado | json}}</pre>\n\nreglasCargadas <pre>{{reglasCargadas | json}}</pre>\nws_reglas_get <pre>{{ws_reglas_get | json}}</pre>"},"alignment":{"type":"constant","value":"left"}},"reference":"6efef389-d818-480d-8027-f900dbdbf1ac","id":"pbText"}],[{"type":"component","dimension":{"xs":12,"sm":12,"md":12,"lg":12},"propertyValues":{"cssClasses":{"type":"constant","value":""},"hidden":{"type":"constant","value":false},"text":{"type":"interpolation","value":"ws_parametria <pre>{{ws_parametria | json}}</pre>"},"alignment":{"type":"constant","value":"left"}},"reference":"e311398d-69ae-4bb0-8499-694fd4151d16","id":"pbText"}],[{"type":"component","dimension":{"xs":12,"sm":12,"md":6,"lg":6},"propertyValues":{"cssClasses":{"type":"constant","value":""},"hidden":{"type":"constant","value":false},"text":{"type":"interpolation","value":"categorias<pre>{{categorias| json}}</pre>\nusuariosSeleccionados<pre>{{usuariosSeleccionados | json}}</pre>\nregla<pre>{{regla| json}}</pre>"},"alignment":{"type":"constant","value":"left"}},"reference":"9c109080-6df4-4f98-b0f3-af9f7ecb8dd2","id":"pbText"},{"type":"component","dimension":{"xs":12,"sm":12,"md":6,"lg":6},"propertyValues":{"cssClasses":{"type":"constant","value":""},"hidden":{"type":"constant","value":false},"text":{"type":"interpolation","value":"guardarReglas<pre>{{guardarReglas | json}}</pre>"},"alignment":{"type":"constant","value":"left"}},"reference":"78c6528c-d19d-4732-84ad-ab642f725d46","id":"pbText"}],[{"type":"component","dimension":{"xs":12,"sm":12,"md":6,"lg":6},"propertyValues":{"cssClasses":{"type":"constant","value":""},"hidden":{"type":"constant","value":false},"text":{"type":"interpolation","value":"temp<pre>{{temp| json}}</pre>"},"alignment":{"type":"constant","value":"left"}},"reference":"f8b5fd0c-425e-4853-9e4f-d435a4638b79","id":"pbText"},{"type":"component","dimension":{"xs":12,"sm":12,"md":6,"lg":6},"propertyValues":{"cssClasses":{"type":"constant","value":""},"hidden":{"type":"constant","value":false},"text":{"type":"interpolation","value":"bdm_reglas_filtro<pre>{{bdm_reglas_filtro| json}}</pre>"},"alignment":{"type":"constant","value":"left"}},"reference":"4022dea9-632e-4f25-bd10-8eedf4c194f3","id":"pbText"}]]}]],"assets":[{"id":"67d2f6fd-ecab-4ed4-bd59-3611eeba4f96","name":"modal.css","type":"css","order":3,"external":false},{"id":"5ba35dc6-9ec6-4c5f-b511-e6b3cb3cd369","name":"https://unpkg.com/rxjs/bundles/Rx.min.js","type":"js","order":2,"external":true},{"id":"6bf10295-55bf-4a0c-a229-00ce40f9e13e","name":"localization.json","type":"json","order":0,"external":false},{"id":"68436309-7af3-47ff-9e1a-38f0bf885433","name":"style.css","type":"css","order":1,"external":false}],"inactiveAssets":["5ba35dc6-9ec6-4c5f-b511-e6b3cb3cd369"],"data":{"processList":{"type":"url","value":"../API/bpm/process?p=0&c=100","exposed":false},"temp":{"type":"json","value":"{\n    \"final\":[],\n    \"toaster\": []\n}","exposed":false},"regla":{"type":"expression","value":"Array.prototype.concatAll = function() {\n\tvar results = [];\n\tthis.forEach(function(subArray) {\n\t\tresults.push.apply(results, subArray);\n\t});\n\n\treturn results;\n};\n\nArray.prototype.equals = function (array) {\n    // if the other array is a falsy value, return\n    if (!array)\n        return false;\n\n    // compare lengths - can save a lot of time \n    if (this.length != array.length)\n        return false;\n\n    for (var i = 0, l=this.length; i < l; i++) {\n        // Check if we have nested arrays\n        if (this[i] instanceof Array && array[i] instanceof Array) {\n            // recurse into the nested arrays\n            if (!this[i].equals(array[i]))\n                return false;       \n        }           \n        else if (this[i] != array[i]) { \n            // Warning - two different object instances will never be equal: {x:20} != {x:20}\n            return false;   \n        }           \n    }       \n    return true;\n};\n// Hide method from for-in loops\nObject.defineProperty(Array.prototype, \"equals\", {enumerable: false});\n\n\nif($data.temp.categoriaSelected){\n    //console.log(\"categoría seleccionada - creado estructura de reglas\");\n    var structure = {\n        \"catId\": $data.temp.categoriaSelected.name,\n        \"lastModified\": new Date(),\n        \"restricciones\": [],\n        \"prioridades\": [],\n        \"ordenes\": []\n      };\n}\n\n\n// Controlador de carga de plantilla: setea $data.temp.usuariosCargadosLista\n\n\n// listado de usuarios disponibles \nif($data.usuariosEnCategoria && $data.usuariosEnCategoria.length > 0){\n    //si se carga desde plantilla\n    //console.log(\"regla cargada\");\n    if(($data.reglasCargadas && $data.reglasCargadas.length > 0) &&\n        (!$data.temp.reglasCargadasOld || !$data.reglasCargadas.equals($data.temp.reglasCargadasOld))){\n        $data.temp.reglasCargadasOld = $data.reglasCargadas;\n        var usuarioCargado = {};\n        $data.temp.usuariosCargadosLista = [];\n        \n        // añadimos el listado de usuarios cargados desde las reglas cargadas\n        $data.reglasCargadas.map(function(elem){\n            usuarioCargado.id = elem.userId;\n            usuarioCargado.name = elem.userName;\n            usuarioCargado.ticked = true;\n            $data.temp.usuariosCargadosLista.push(usuarioCargado);\n        });\n        \n        if(($data.temp.usuariosCargadosLista && $data.temp.usuariosCargadosLista.length > 0) &&\n            (!$data.temp.usuariosCargadosListaOld || !$data.temp.usuariosCargadosLista.equals($data.temp.usuariosCargadosListaOld))){\n            \n            $data.temp.usuariosCargadosListaOld = $data.temp.usuariosCargadosLista;\n            \n            // añadimos ticked = true a los usuarios cargados\n            $data.usuariosListado = $data.usuariosEnCategoria.map(function(userAPI){\n                $data.temp.usuariosCargadosLista.map(function(userCargado){\n                    if(userAPI.id == userCargado.id){\n                        userAPI.ticked = true;\n                    }else{\n                        userAPI.ticked = false;\n                    }\n                });\n            });\n            \n            //añadimos los usuarios cargados como selecionados\n            $data.usuariosSeleccionados = $data.temp.usuariosCargadosLista;\n            //añadimos las reglas cargadas\n            $data.ws_reglas_get = $data.reglasCargadas;\n                \n        }\n    }else{\n        // si no se carga desde plantilla\n        //console.log(\"usuarios desde ws\");\n        $data.usuariosListado = $data.usuariosEnCategoria;\n    }\n}\n\n\n\n\n// Controlador de reglas\nif(($data.usuariosSeleccionados && $data.usuariosSeleccionados.length > 0 && $data.ws_parametria)  && \n    (!$data.temp.usuariosSeleccionadosOld || !$data.usuariosSeleccionados.equals($data.temp.usuariosSeleccionadosOld) )){\n    //console.log(\"nuevo usuario seleccionado\");\n    $data.temp.usuariosSeleccionadosOld = $data.usuariosSeleccionados;\n    \n    //if($data.ws_reglas_get && $data.ws_reglas_get.length > 0){\n    if($data.ws_reglas_get){\n    \n        $data.reglasActuales = $data.usuariosSeleccionados.map(function(user){\n        \n            var reglas = $data.ws_reglas_get.filter(function(regla){\n                return regla.userId == user.id;\n            });\n            if(reglas.length === 0){\n                structure.userId = user.id;\n                structure.userName = user.name;\n                return new Array(angular.copy(structure));\n            }else{\n                return reglas;\n            }\n        }).concatAll();\n        //console.log(\"tras concat: \",  $data.reglasActuales);\n    }\n}\n\nif($data.usuariosSeleccionados && $data.usuariosSeleccionados.length === 0){\n    //console.log(\"sin usuarios seleccionados - ocultando reglas\");\n    $data.reglasActuales = [];\n}\n\nif($data.reglasCargadas && $data.reglasCargadas.length > 0){\n    $data.temp.modal = [];\n    $data.reglasCargadas = [];\n    $data.temp.toaster.push({\n        \"text\":\"Reglas cargadas desde plantilla \",\n        \"title\":\"Restauración desde plantilla\",\n        \"type\":\"success\"\n    });\n    $data.temp.plantilla = [];\n}\n\nif($data.temp.modal && $data.temp.modal.length > 1){\n    $data.temp.modal = [];\n    $data.temp.plantilla = [];\n}\nif($data.temp.plantilla && $data.temp.plantilla.length > 0 ){\n    $data.temp.modal = [1];\n}\n\n// añadir toaster al guardar a plantilla\nif($data.msg){\n    $data.temp.toaster.push({\n        \"text\": $data.msg,\n        \"title\":\"Respuesta del servidor\",\n        \"type\":\"success\"\n    });\n}","exposed":false},"msg":{"type":"constant","exposed":false},"Acontroler":{"type":"expression","value":"if($data.msg && $data.msg.caseId !== null){\n    alert(\"Las reglas se han guardado\");\n    $data.temp.userSelected = undefined;\n    $data.msg = undefined;\n}","exposed":false},"categorias":{"type":"url","value":"../API/bpm/category?p=0&c=20","exposed":false},"usuariosEnCategoria":{"type":"url","value":"../API/extension/userListByProcessCategory?categoryId={{temp.categoriaSelected.id}}&p=0&c=100","exposed":false},"parametria":{"type":"json","value":"{\r\n\t\"catId\": \"102\",\r\n\t\"campos\":[\r\n\t\t{\r\n\t\t\t\"nombre\":\"Monto\",\r\n\t\t\t\"condicion\":[\r\n\t\t\t\t{\r\n\t\t\t\t\t\"key\":\">=\",\r\n\t\t\t\t\t\"value\":\"mayorIgualQue\"\r\n\t\t\t\t},\r\n\t\t\t\t{\r\n\t\t\t\t\t\"key\":\"<=\",\r\n\t\t\t\t\t\"value\":\"menorIgualQue\"\r\n\t\t\t\t},\r\n\t\t\t\t{\r\n\t\t\t\t\t\"key\":\"=\",\r\n\t\t\t\t\t\"value\":\"igual\"\r\n\t\t\t\t},\r\n\t\t\t\t{\r\n\t\t\t\t\t\"key\":\"BETWEEN\",\r\n\t\t\t\t\t\"value\":\"entre\"\r\n\t\t\t\t}\r\n\r\n\t\t\t],\r\n\t\t\t\"tipoValor\":\"numerico\",\r\n\t\t\t\"valorReferencia\": \"\"\r\n\t\t},\r\n\t\t{\r\n\t\t\t\"nombre\":\"Producto\",\r\n\t\t\t\"condicion\":[\r\n\t\t\t\t{\r\n\t\t\t\t\t\"key\":\"=\",\r\n\t\t\t\t\t\"value\":\"igual\"\r\n\t\t\t\t},\r\n\t\t\t\t{\r\n\t\t\t\t\t\"key\":\"!=\",\r\n\t\t\t\t\t\"value\":\"distinto\"\r\n\t\t\t\t},\r\n\t\t\t\t{\r\n\t\t\t\t\t\"key\":\"IN\",\r\n\t\t\t\t\t\"value\":\"dentro de\"\r\n\t\t\t\t}\r\n\t\t\t],\r\n\t\t\t\"tipoValor\":\"seleccion\",\r\n\t\t\t\"valorReferencia\":[\r\n\t\t\t\t{\r\n\t\t\t\t\t\"key\":\"Vehiculo\",\r\n\t\t\t\t\t\"value\":\"vehiculo\"\r\n\t\t\t\t},\r\n\t\t\t\t{\r\n\t\t\t\t\t\"key\":\"Libranzas\",\r\n\t\t\t\t\t\"value\":\"libranzas\"\r\n\t\t\t\t}\r\n\t\t\t]\r\n\t\t},\r\n\t\t{\r\n\t\t\t\"nombre\":\"TechnoIndividual\",\r\n\t\t\t\"condicion\":[\r\n\t\t\t\t{\r\n\t\t\t\t\t\"key\":\">=\",\r\n\t\t\t\t\t\"value\":\"mayorIgualQue\"\r\n\t\t\t\t},\r\n\t\t\t\t{\r\n\t\t\t\t\t\"key\":\"<=\",\r\n\t\t\t\t\t\"value\":\"menorIgualQue\"\r\n\t\t\t\t},\r\n\t\t\t\t{\r\n\t\t\t\t\t\"key\":\"=\",\r\n\t\t\t\t\t\"value\":\"igual\"\r\n\t\t\t\t},\r\n\t\t\t\t{\r\n\t\t\t\t\t\"key\":\"BETWEEN\",\r\n\t\t\t\t\t\"value\":\"entre\"\r\n\t\t\t\t}\r\n\r\n\t\t\t],\r\n\t\t\t\"tipoValor\":\"numerico\",\r\n\t\t\t\"valorReferencia\": \"\"\r\n\t\t},\r\n\t\t{\r\n\t\t\t\"nombre\":\"TechoGlobal\",\r\n\t\t\t\"condicion\":[\r\n\t\t\t\t{\r\n\t\t\t\t\t\"key\":\">=\",\r\n\t\t\t\t\t\"value\":\"mayorIgualQue\"\r\n\t\t\t\t},\r\n\t\t\t\t{\r\n\t\t\t\t\t\"key\":\"<=\",\r\n\t\t\t\t\t\"value\":\"menorIgualQue\"\r\n\t\t\t\t},\r\n\t\t\t\t{\r\n\t\t\t\t\t\"key\":\"=\",\r\n\t\t\t\t\t\"value\":\"igual\"\r\n\t\t\t\t},\r\n\t\t\t\t{\r\n\t\t\t\t\t\"key\":\"BETWEEN\",\r\n\t\t\t\t\t\"value\":\"entre\"\r\n\t\t\t\t}\r\n\r\n\t\t\t],\r\n\t\t\t\"tipoValor\":\"numerico\",\r\n\t\t\t\"valorReferencia\": \"\"\r\n\t\t},\r\n\t\t{\r\n\t\t\t\"nombre\":\"FuerzaVenta\",\r\n\t\t\t\"condicion\":[\r\n\t\t\t\t{\r\n\t\t\t\t\t\"key\":\">=\",\r\n\t\t\t\t\t\"value\":\"mayorIgualQue\"\r\n\t\t\t\t},\r\n\t\t\t\t{\r\n\t\t\t\t\t\"key\":\"<=\",\r\n\t\t\t\t\t\"value\":\"menorIgualQue\"\r\n\t\t\t\t},\r\n\t\t\t\t{\r\n\t\t\t\t\t\"key\":\"=\",\r\n\t\t\t\t\t\"value\":\"igual\"\r\n\t\t\t\t},\r\n\t\t\t\t{\r\n\t\t\t\t\t\"key\":\"BETWEEN\",\r\n\t\t\t\t\t\"value\":\"entre\"\r\n\t\t\t\t}\r\n\r\n\t\t\t],\r\n\t\t\t\"tipoValor\":\"numerico\",\r\n\t\t\t\"valorReferencia\": \"\"\r\n\t\t},\r\n\t\t{\r\n\t\t\t\"nombre\":\"TipoCliente\",\r\n\t\t\t\"condicion\":[\r\n\t\t\t\t{\r\n\t\t\t\t\t\"key\":\"=\",\r\n\t\t\t\t\t\"value\":\"igual\"\r\n\t\t\t\t},\r\n\t\t\t\t{\r\n\t\t\t\t\t\"key\":\"!=\",\r\n\t\t\t\t\t\"value\":\"distinto\"\r\n\t\t\t\t},\r\n\t\t\t\t{\r\n\t\t\t\t\t\"key\":\"IN\",\r\n\t\t\t\t\t\"value\":\"dentro de\"\r\n\t\t\t\t}\r\n\t\t\t],\r\n\t\t\t\"tipoValor\":\"seleccion\",\r\n\t\t\t\"valorReferencia\":[\r\n\t\t\t\t{\r\n\t\t\t\t\t\"key\":\"VIP\",\r\n\t\t\t\t\t\"value\":\"vip\"\r\n\t\t\t\t},\r\n\t\t\t\t{\r\n\t\t\t\t\t\"key\":\"Especial\",\r\n\t\t\t\t\t\"value\":\"especial\"\r\n\t\t\t\t}\r\n\t\t\t]\r\n\t\t},\r\n\t\t{\r\n\t\t\t\"nombre\":\"NombreConvenio\",\r\n\t\t\t\"condicion\":[\r\n\t\t\t\t{\r\n\t\t\t\t\t\"key\":\"=\",\r\n\t\t\t\t\t\"value\":\"igual\"\r\n\t\t\t\t},\r\n\t\t\t\t{\r\n\t\t\t\t\t\"key\":\"!=\",\r\n\t\t\t\t\t\"value\":\"distinto\"\r\n\t\t\t\t},\r\n\t\t\t\t{\r\n\t\t\t\t\t\"key\":\"IN\",\r\n\t\t\t\t\t\"value\":\"dentro de\"\r\n\t\t\t\t}\r\n\t\t\t],\r\n\t\t\t\"tipoValor\":\"seleccion\",\r\n\t\t\t\"valorReferencia\":[\r\n\t\t\t\t{\r\n\t\t\t\t\t\"key\":\"Accionistas\",\r\n\t\t\t\t\t\"value\":\"accionistas\"\r\n\t\t\t\t},\r\n\t\t\t\t{\r\n\t\t\t\t\t\"key\":\"Trabajadores\",\r\n\t\t\t\t\t\"value\":\"trabajadores\"\r\n\t\t\t\t}\r\n\t\t\t]\r\n\t\t}\r\n\t]\r\n}","exposed":false},"reglasListado":{"type":"json","value":"[]","exposed":false},"usuariosSeleccionados":{"type":"json","value":"[]","exposed":false},"JSONstructure":{"type":"json","value":"{\r\n    \"restricciones\": [],\r\n    \"prioridades\": [],\r\n    \"ordenes\": []\r\n}\r\n","exposed":false},"ws_parametria":{"type":"url","value":"{{url_servicios}}parametria/{{temp.categoriaSelected.name}}","exposed":false},"ws_reglas_get":{"type":"url","value":"{{url_servicios}}reglas/{{temp.categoriaSelected.name}}","exposed":false},"reglasActuales":{"type":"json","value":"[]","exposed":false},"reglasCargadas":{"type":"json","value":"[]","exposed":false},"usuariosListado":{"type":"json","value":"[]","exposed":false},"url_servicios":{"type":"constant","value":"http://192.168.10.8:8088/services/","exposed":false}}}