<?xml version="1.0" encoding="UTF-8" standalone="yes"?>
<businessObjectModel modelVersion="1.0" productVersion="7.4.3">
    <businessObjects>
        <businessObject qualifiedName="com.company.model.ProcessSearchIndexes">
            <fields>
                <field type="LONG" length="255" name="id_caso" nullable="true" collection="false"/>
                <field type="STRING" length="255" name="clave" nullable="true" collection="false"/>
                <field type="TEXT" length="255" name="valor" nullable="true" collection="false"/>
                <field type="STRING" length="255" name="entidad" nullable="true" collection="false"/>
                <field type="LONG" length="255" name="id_proceso" nullable="true" collection="false"/>
                <field type="STRING" length="255" name="cat_proceso" nullable="true" collection="false"/>
            </fields>
            <uniqueConstraints/>
            <queries/>
            <indexes/>
        </businessObject>
    </businessObjects>
</businessObjectModel>
