{"designerVersion":"1.4.34","id":"customMultiSelection","name":"MultiSelectionWidget","lastUpdate":1518626385702,"template":"<div ng-class=\"{\r\n    'form-horizontal': properties.labelPosition === 'left' && !properties.labelHidden,\r\n    'row': properties.labelPosition === 'top' && !properties.labelHidden || properties.labelHidden\r\n    }\"> \r\n    <div class=\"form-group\">\r\n        <label\r\n            ng-if=\"!properties.labelHidden\"\r\n            ng-class=\"{ 'control-label--required': properties.required }\"\r\n            class=\"control-label col-xs-{{ !properties.labelHidden && properties.labelPosition === 'left' ? properties.labelWidth : 12 }}\" ng-bind-html=\"properties.label | uiTranslate\">\r\n        </label>\r\n         <div class=\"col-xs-{{ 12 - (!properties.labelHidden && properties.labelPosition === 'left' ? properties.labelWidth : 0) }}\">\r\n             <div directive-id=\"{{ctrl.name}}\"\r\n                    isteven-multi-select\r\n                    input-model=\"properties.availableValues\"\r\n                    output-model=\"properties.value\"\r\n                    button-label=\"{{properties.buttonLabel}}\"\r\n                    item-label=\"{{properties.itemLabel}}\"\r\n                    tick-property=\"ticked\"\r\n                    ng-if=\"properties.outputProperties && properties.outputProperties!==''\"\r\n                    translation=\"localLang\"\r\n                    output-properties=\"{{properties.outputProperties}}\"\r\n            >\r\n            </div>\r\n            <div\r\n                    isteven-multi-select\r\n                    input-model=\"properties.availableValues\"\r\n                    output-model=\"properties.value\"\r\n                    button-label=\"{{properties.buttonLabel}}\"\r\n                    item-label=\"{{properties.itemLabel}}\"\r\n                    tick-property=\"ticked\"\r\n                    ng-if=\"!properties.outputProperties || properties.outputProperties==''\"\r\n                    translation=\"localLang\"\r\n            >\r\n            </div>\r\n        </div>\r\n    </div>\r\n</div>\r\n","controller":"/**\r\n * The controller is a JavaScript function that augments the AngularJS scope and exposes functions that can be used in the custom widget template\r\n *\r\n * Custom widget properties defined on the right can be used as variables in a controller with $scope.properties\r\n * To use AngularJS standard services, you must declare them in the main function arguments.\r\n *\r\n * You can leave the controller empty if you do not need it.\r\n **/\r\nfunction WidgetController($scope,widgetNameFactory) {\r\n    this.name = widgetNameFactory.getName('MultiSelectionWidget');\r\n\r\n    $scope.localLang = {\r\n        selectAll       : \"Seleccionar todos\",\r\n        selectNone      : \"Seleccionar ninguno\",\r\n        reset           : \"Deshacer\",\r\n        search          : \"Buscar...\",\r\n        nothingSelected : \"Seleccione un elemento\"         //default-label is deprecated and replaced with this.\r\n    };\r\n/*\r\n    var white = 'white';\r\n\r\n    // add a new variable in AngularJS scope. It'll be usable in the template directly with {{ backgroudColor }}\r\n    $scope.backgroudColor = white;\r\n\r\n    // define a function to be used in template with ctrl.toggleBackgroundColor()\r\n    this.toggleBackgroundColor = function () {\r\n        if ($scope.backgroudColor === white) {\r\n            // use the custom widget property backgroudColor with $scope.properties.backgroudColor\r\n            $scope.backgroudColor = $scope.properties.background;\r\n        } else {\r\n            $scope.backgroudColor = white;\r\n        }\r\n    };\r\n    */\r\n}\r\n","custom":true,"properties":[{"label":"Value","name":"value","type":"text","defaultValue":"","bond":"variable"},{"label":"Available values","name":"availableValues","type":"text","defaultValue":"This is the initial value","bond":"expression"},{"label":"Button Label","name":"buttonLabel","help":"Labels displayed in the widget when an item is selected, it has to be space separated","type":"text","defaultValue":"name surname","bond":"expression"},{"label":"Item Label","name":"itemLabel","help":"Labels displayed in the list of items to select, it has to be space separated","type":"text","defaultValue":"name surname","bond":"expression"},{"label":"Output Properties","name":"outputProperties","type":"text","defaultValue":"Object atributes we want to return, it has to be space separated or empty if we want the whole object","bond":"expression"},{"label":"Required","name":"required","type":"boolean","defaultValue":true,"bond":"expression"},{"label":"Label Position","name":"labelPosition","type":"choice","defaultValue":"top","choiceValues":["left","top"],"bond":"constant"},{"label":"Label","name":"label","type":"text","defaultValue":"Multi-selector","bond":"interpolation"},{"label":"Label Width","name":"labelWidth","type":"integer","defaultValue":4,"bond":"constant"},{"label":"Label hidden","name":"labelHidden","type":"boolean","defaultValue":false,"bond":"constant"}],"assets":[{"name":"isteven-multi-select.css","type":"css","order":2,"external":false},{"name":"isteven-multi-select.js","type":"js","order":1,"external":false}],"requiredModules":["isteven-multi-select"],"type":"widget"}